.pred_class	.pred_PEN	.pred_PEN_TMD	.pred_TMD_MAC_PEN	.pred_TMD_PEN	.pred_TMD_PEN_MAC	genome_id	resistant_classes	PF00023_IPR002110	PF00034_IPR009056	PF00089_IPR001254	PF00092_IPR002035	PF00116_IPR002429	PF00165_IPR018060	PF00174_IPR000572	PF00182_IPR000726	PF00199_IPR011614	PF00246_IPR000834	PF00251_IPR013148	PF00302_IPR001707	PF00328_IPR000560	PF00355_IPR017941	PF00488_IPR000432	PF00498_IPR000253	PF00510_IPR000298	PF00560_IPR001611	PF00565_IPR016071	PF00576_IPR023416	PF00668_IPR001242	PF00723_IPR011613	PF00732_IPR000172	PF00782_IPR000340	PF00848_IPR015879	PF00866_IPR000391	PF00872_IPR001207	PF00941_IPR002346	PF00959_IPR002196	PF00975_IPR001031	PF00982_IPR001830	PF01024_IPR000293	PF01051_IPR000525	PF01070_IPR000262	PF01076_IPR001668	PF01087_IPR005849	PF01112_IPR000246	PF01137_IPR023797	PF01144_IPR004165	PF01204_IPR001661	PF01210_IPR011128	PF01218_IPR001260	PF01278_IPR000036	PF01306_IPR000576	PF01314_IPR001203	PF01315_IPR000674	PF01325_IPR022687	PF01339_IPR000673	PF01348_IPR024937	PF01385_IPR001959	PF01391_IPR008160	PF01420_IPR000055	PF01427_IPR000755	PF01443_IPR027351	PF01446_IPR000989	PF01451_IPR023485	PF01458_IPR000825	PF01487_IPR001381	PF01526_IPR002513	PF01558_IPR019752	PF01584_IPR002545	PF01610_IPR002560	PF01619_IPR002872	PF01624_IPR007695	PF01661_IPR002589	PF01706_IPR023087	PF01739_IPR022642	PF01741_IPR037673	PF01794_IPR013130	PF01797_IPR002686	PF01799_IPR002888	PF01804_IPR002692	PF01815_IPR000769	PF01845_IPR002712	PF01850_IPR002716	PF01855_IPR002880	PF01867_IPR002729	PF01869_IPR002731	PF01885_IPR002745	PF01887_IPR046469	PF01904_IPR002763	PF01923_IPR016030	PF01924_IPR002780	PF01933_IPR002882	PF01967_IPR002820	PF02049_IPR001624	PF02050_IPR012823	PF02061_IPR013056	PF02090_IPR002954	PF02108_IPR018035	PF02120_IPR021136	PF02129_IPR000383	PF02133_IPR001248	PF02154_IPR001689	PF02195_IPR003115	PF02255_IPR003188	PF02316_IPR003314	PF02335_IPR003321	PF02358_IPR003337	PF02368_IPR003343	PF02369_IPR003344	PF02384_IPR003356	PF02387_IPR003446	PF02391_IPR003448	PF02402_IPR003059	PF02411_IPR003457	PF02417_IPR003370	PF02432_IPR003467	PF02445_IPR003473	PF02501_IPR003413	PF02502_IPR003500	PF02510_IPR056746	PF02517_IPR003675	PF02534_IPR003688	PF02556_IPR003708	PF02563_IPR003715	PF02583_IPR003735	PF02589_IPR003741	PF02625_IPR003777	PF02638_IPR003790	PF02659_IPR003810	PF02660_IPR003811	PF02669_IPR003820	PF02677_IPR003828	PF02694_IPR003844	PF02702_IPR003852	PF02730_IPR013983	PF02733_IPR004006	PF02734_IPR004007	PF02738_IPR008274	PF02742_IPR001367	PF02744_IPR005850	PF02831_IPR004174	PF02895_IPR004105	PF02902_IPR003653	PF02909_IPR004111	PF02914_IPR004189	PF02924_IPR004195	PF03090_IPR004322	PF03135_IPR018145	PF03150_IPR004852	PF03203_IPR004891	PF03230_IPR004914	PF03235_IPR004919	PF03237_.	PF03239_IPR004923	PF03245_IPR004929	PF03278_IPR004959	PF03288_IPR004968	PF03319_IPR004992	PF03335_IPR005003	PF03354_IPR046461	PF03374_IPR005039	PF03389_IPR005053	PF03432_IPR005094	PF03450_IPR005107	PF03453_IPR005110	PF03454_IPR005111	PF03479_IPR005175	PF03480_IPR018389	PF03515_IPR016128	PF03519_IPR003065	PF03524_IPR010258	PF03526_IPR003061	PF03527_IPR001826	PF03536_IPR003519	PF03572_IPR005151	PF03589_IPR003222	PF03590_IPR004618	PF03592_IPR005335	PF03594_IPR004711	PF03595_IPR004695	PF03621_IPR005153	PF03626_IPR005171	PF03632_IPR005195	PF03633_IPR005194	PF03636_IPR005196	PF03691_IPR005363	PF03705_IPR022641	PF03706_IPR022791	PF03724_IPR005184	PF03743_IPR005498	PF03748_IPR005503	PF03783_IPR005534	PF03795_IPR005545	PF03806_IPR004697	PF03814_IPR004623	PF03824_IPR011541	PF03848_IPR015985	PF03864_IPR005564	PF03869_IPR005569	PF03889_IPR005589	PF03891_IPR005590	PF03895_IPR005594	PF03928_IPR005624	PF03934_IPR049179	PF04014_IPR007159	PF04052_IPR007195	PF04098_IPR041247	PF04107_IPR006336	PF04138_IPR007267	PF04151_IPR007280	PF04183_IPR007310	PF04187_IPR007314	PF04221_IPR007337	PF04224_IPR007339	PF04225_IPR007340	PF04226_IPR007341	PF04233_IPR006528	PF04269_IPR007376	PF04284_IPR007382	PF04285_IPR006698	PF04286_IPR007383	PF04303_IPR007400	PF04313_IPR007409	PF04317_IPR007413	PF04325_IPR007420	PF04335_IPR007430	PF04338_IPR007433	PF04341_IPR007436	PF04344_IPR007439	PF04346_IPR007441	PF04347_IPR022781	PF04349_IPR007444	PF04352_IPR016103	PF04383_IPR018004	PF04404_IPR007499	PF04408_IPR048333	PF04448_IPR007539	PF04449_IPR007540	PF04463_IPR007553	PF04466_IPR035412	PF04492_IPR006497	PF04550_IPR007633	PF04586_IPR054613	PF04606_IPR007684	PF04610_IPR007688	PF04612_IPR007690	PF04655_IPR006748	PF04657_IPR006750	PF04717_IPR006531	PF04748_IPR006837	PF04773_IPR006860	PF04794_IPR006879	PF04809_IPR006894	PF04837_IPR006922	PF04860_IPR006944	PF04865_IPR006949	PF04883_IPR010064	PF04888_IPR006972	PF04899_IPR006983	PF04917_IPR007001	PF04940_IPR007024	PF04945_IPR007029	PF04956_IPR007039	PF04962_IPR021120	PF04964_IPR007047	PF04971_IPR007054	PF04973_IPR006419	PF04984_IPR035089	PF04985_IPR006498	PF05016_IPR007712	PF05035_IPR007729	PF05052_IPR007746	PF05063_IPR007757	PF05065_IPR054612	PF05069_IPR006522	PF05100_IPR006487	PF05101_IPR007792	PF05106_IPR006481	PF05114_IPR007801	PF05119_IPR006448	PF05125_IPR006441	PF05128_IPR021147	PF05134_IPR024230	PF05135_IPR021146	PF05136_IPR006429	PF05188_IPR007860	PF05189_IPR013791	PF05190_IPR007861	PF05192_IPR007696	PF05199_IPR007867	PF05247_IPR023559	PF05261_IPR007925	PF05269_IPR007933	PF05280_IPR007944	PF05309_IPR007973	PF05354_IPR008018	PF05358_IPR008022	PF05420_IPR008410	PF05449_IPR008473	PF05488_IPR008727	PF05489_IPR008861	PF05509_IPR008876	PF05513_IPR008873	PF05521_IPR008767	PF05591_IPR008312	PF05593_IPR031325	PF05598_IPR008490	PF05638_IPR008514	PF05658_IPR008640	PF05662_IPR008635	PF05696_IPR008544	PF05713_IPR008687	PF05732_IPR008813	PF05766_IPR008713	PF05772_IPR008711	PF05810_IPR008712	PF05818_IPR008874	PF05840_IPR008766	PF05845_IPR008772	PF05857_IPR008875	PF05861_IPR008773	PF05866_IPR008822	PF05869_IPR008593	PF05876_IPR046453	PF05899_IPR008579	PF05925_IPR008108	PF05926_IPR009225	PF05929_IPR009228	PF05930_IPR010260	PF05936_IPR010263	PF05939_IPR010265	PF05943_IPR044031	PF05944_IPR010270	PF05947_IPR010272	PF05954_.	PF05971_IPR010286	PF05973_IPR009241	PF05974_IPR010287	PF05977_IPR010290	PF05985_IPR009246	PF06006_IPR009253	PF06007_IPR010306	PF06029_IPR010316	PF06048_IPR009270	PF06050_IPR010327	PF06056_IPR010332	PF06064_IPR009274	PF06067_IPR026325	PF06069_IPR024684	PF06082_IPR010344	PF06092_IPR010351	PF06120_IPR009302	PF06122_IPR010927	PF06128_IPR010366	PF06141_IPR009312	PF06146_IPR020948	PF06147_IPR010373	PF06154_IPR009320	PF06163_IPR010382	PF06174_IPR009329	PF06176_IPR009330	PF06178_IPR009331	PF06199_IPR011855	PF06222_IPR010411	PF06223_IPR009350	PF06249_IPR010424	PF06254_IPR009364	PF06277_IPR009377	PF06290_IPR009385	PF06301_IPR010444	PF06308_IPR009391	PF06316_IPR000758	PF06322_IPR010454	PF06323_IPR010455	PF06366_IPR009420	PF06381_IPR024459	PF06392_IPR023497	PF06406_IPR009440	PF06415_IPR011258	PF06426_IPR010493	PF06463_IPR010505	PF06472_IPR011527	PF06481_IPR010514	PF06496_IPR009476	PF06511_IPR009483	PF06519_IPR014161	PF06527_IPR009492	PF06528_IPR009493	PF06530_IPR010534	PF06545_IPR009499	PF06576_IPR010557	PF06586_IPR010563	PF06628_IPR010582	PF06630_IPR010584	PF06643_IPR010590	PF06649_IPR010595	PF06672_IPR009558	PF06688_IPR009572	PF06751_IPR010628	PF06754_IPR009609	PF06755_IPR009610	PF06763_IPR010633	PF06769_IPR009614	PF06779_IPR010645	PF06788_IPR010646	PF06791_IPR009628	PF06805_IPR010654	PF06806_IPR009634	PF06808_IPR010656	PF06812_IPR010657	PF06834_IPR009649	PF06864_IPR009663	PF06872_IPR009669	PF06890_IPR053861	PF06891_IPR009678	PF06892_IPR009679	PF06894_IPR010027	PF06924_IPR009694	PF06932_IPR009700	PF06942_IPR009707	PF06952_IPR009713	PF06958_IPR016128	PF06977_IPR009722	PF06986_IPR014121	PF06995_IPR009734	PF06996_IPR010732	PF06998_IPR009736	PF07005_IPR010737	PF07012_IPR009742	PF07022_IPR010744	PF07024_IPR009211	PF07027_IPR008309	PF07041_IPR009759	PF07057_IPR009767	PF07063_IPR009770	PF07102_IPR010774	PF07105_IPR009797	PF07120_IPR010781	PF07125_IPR009808	PF07128_IPR009811	PF07148_IPR010794	PF07151_IPR009821	PF07157_IPR009826	PF07166_IPR009833	PF07178_IPR009838	PF07180_IPR020357	PF07201_IPR010812	PF07214_IPR010815	PF07221_IPR010819	PF07274_IPR009898	PF07278_IPR009901	PF07282_IPR010095	PF07290_IPR010840	PF07296_IPR009913	PF07350_IPR010856	PF07351_IPR009950	PF07352_IPR009951	PF07358_IPR009954	PF07362_IPR009956	PF07385_IPR010864	PF07409_IPR010877	PF07419_IPR009987	PF07424_IPR009989	PF07449_IPR010893	PF07455_IPR010006	PF07471_IPR010906	PF07479_IPR006109	PF07484_IPR011083	PF07508_IPR011109	PF07510_IPR011089	PF07655_IPR011514	PF07660_IPR011662	PF07661_IPR011652	PF07676_IPR011659	PF07678_IPR011626	PF07693_IPR011646	PF07717_IPR011709	PF07720_IPR011716	PF07728_IPR011704	PF07789_IPR012432	PF07824_IPR013095	PF07825_IPR012884	PF07885_IPR013099	PF07916_IPR012931	PF07927_IPR012933	PF07929_IPR012912	PF07944_IPR012878	PF07969_IPR013108	PF07995_IPR012938	PF07996_IPR014158	PF08020_IPR012550	PF08049_IPR012566	PF08052_IPR012602	PF08134_IPR012995	PF08136_IPR012607	PF08178_IPR012563	PF08244_IPR013189	PF08273_IPR013237	PF08334_IPR013545	PF08345_IPR013556	PF08346_IPR013557	PF08362_IPR013573	PF08400_IPR013609	PF08401_IPR013610	PF08410_IPR013619	PF08443_IPR013651	PF08448_IPR013656	PF08463_IPR013670	PF08479_IPR013686	PF08667_IPR013975	PF08706_IPR014818	PF08708_IPR014820	PF08719_IPR012816	PF08721_IPR014832	PF08722_IPR014833	PF08751_IPR014862	PF08775_IPR014884	PF08798_IPR010179	PF08805_IPR014911	PF08845_IPR014944	PF08849_IPR014948	PF08943_IPR015038	PF08956_IPR015051	PF08965_IPR015060	PF08971_IPR015065	PF08986_IPR015079	PF09008_IPR009093	PF09019_IPR015109	PF09039_IPR015126	PF09052_IPR015138	PF09077_IPR009084	PF09078_IPR015162	PF09134_IPR015217	PF09209_IPR015292	PF09217_IPR023372	PF09223_IPR015304	PF09299_IPR015378	PF09306_IPR015385	PF09313_IPR015392	PF09327_IPR015406	PF09344_IPR010148	PF09350_IPR018961	PF09375_IPR018976	PF09381_IPR018981	PF09392_IPR021123	PF09480_IPR019029	PF09481_IPR013381	PF09482_IPR013388	PF09485_IPR013382	PF09599_IPR005427	PF09600_IPR011846	PF09612_IPR011735	PF09673_IPR019106	PF09676_IPR014118	PF09677_IPR014115	PF09679_IPR014112	PF09684_IPR006521	PF09704_IPR021124	PF09707_IPR010152	PF09718_IPR006431	PF09836_IPR018640	PF09938_IPR019231	PF09950_IPR020049	PF09956_IPR011231	PF09972_IPR018702	PF09979_IPR016913	PF10011_IPR018723	PF10048_IPR018740	PF10065_IPR019276	PF10076_IPR018755	PF10080_IPR018758	PF10109_IPR019289	PF10114_IPR018771	PF10122_IPR019294	PF10145_IPR010090	PF10369_IPR019455	PF10371_IPR019456	PF10412_IPR019476	PF10509_IPR019539	PF10543_IPR018873	PF10548_IPR018876	PF10549_IPR018877	PF10554_IPR018880	PF10610_IPR014491	PF10614_IPR018893	PF10618_IPR019596	PF10623_IPR018897	PF10624_IPR018898	PF10627_IPR018900	PF10634_IPR018470	PF10671_IPR018927	PF10679_IPR019621	PF10684_IPR019625	PF10685_IPR019626	PF10721_IPR019659	PF10722_IPR019660	PF10723_IPR019661	PF10729_IPR019666	PF10733_IPR019669	PF10735_IPR019671	PF10736_IPR019672	PF10743_IPR019679	PF10748_IPR019684	PF10749_IPR019685	PF10753_IPR019689	PF10766_IPR019702	PF10784_IPR019720	PF10798_IPR024753	PF10799_IPR020359	PF10809_IPR020126	PF10828_IPR022538	PF10829_IPR020117	PF10834_IPR022544	PF10836_IPR020386	PF10872_IPR022626	PF10881_IPR024402	PF10894_IPR024396	PF10928_IPR021230	PF10930_IPR020295	PF10934_IPR020288	PF10946_IPR021239	PF10947_IPR024399	PF10948_IPR024400	PF10951_IPR021240	PF10965_IPR024493	PF10971_IPR024497	PF11036_IPR020196	PF11039_IPR022568	PF11041_IPR021283	PF11043_IPR020500	PF11045_IPR020368	PF11046_IPR021285	PF11076_IPR021303	PF11100_IPR020150	PF11112_IPR020518	PF11119_IPR022576	PF11130_IPR025955	PF11134_IPR021098	PF11225_IPR021388	PF11356_IPR024961	PF11367_IPR021508	PF11393_IPR021055	PF11423_IPR024421	PF11426_IPR021542	PF11438_IPR020952	PF11441_IPR021546	PF11471_IPR021570	PF11480_IPR020127	PF11563_IPR044398	PF11570_IPR024566	PF11604_IPR021647	PF11612_IPR010055	PF11650_IPR020362	PF11651_IPR024659	PF11656_IPR020317	PF11681_IPR021695	PF11682_IPR021696	PF11692_IPR017483	PF11726_IPR057271	PF11739_IPR021730	PF11742_IPR011223	PF11756_IPR020483	PF11769_IPR021747	PF11776_IPR024572	PF11806_IPR021764	PF11809_IPR021767	PF11818_IPR020992	PF11823_IPR021778	PF11863_IPR021808	PF11870_IPR024569	PF11898_IPR024590	PF11922_IPR021845	PF11974_IPR021868	PF12019_IPR022346	PF12083_IPR021944	PF12106_IPR021964	PF12147_IPR022744	PF12161_IPR022749	PF12167_IPR022000	PF12293_IPR022073	PF12323_IPR021027	PF12344_IPR024759	PF12392_IPR020988	PF12421_IPR021034	PF12477_IPR025864	PF12571_IPR022225	PF12602_IPR021065	PF12615_IPR022585	PF12686_IPR024524	PF12693_IPR025691	PF12696_IPR032689	PF12728_IPR041657	PF12790_IPR017734	PF12834_IPR024457	PF12835_IPR024456	PF12840_.	PF12889_IPR024291	PF13006_IPR024473	PF13064_IPR025169	PF13086_IPR041677	PF13087_IPR041679	PF13132_IPR025030	PF13148_IPR025048	PF13174_IPR019734	PF13175_IPR041685	PF13188_IPR000014	PF13198_IPR025096	PF13262_IPR025127	PF13274_IPR025272	PF13283_IPR025137	PF13304_IPR003959	PF13340_IPR025161	PF13342_IPR025589	PF13354_IPR045155	PF13358_IPR038717	PF13362_IPR006171	PF13382_IPR026912	PF13391_IPR003615	PF13392_IPR003615	PF13396_IPR027379	PF13401_IPR049945	PF13404_IPR000485	PF13408_IPR025827	PF13427_IPR025184	PF13434_IPR025700	PF13449_IPR027372	PF13454_IPR038732	PF13455_.	PF13473_IPR028096	PF13477_IPR028098	PF13478_IPR027051	PF13479_.	PF13483_.	PF13492_IPR003018	PF13493_IPR025201	PF13495_IPR004107	PF13505_IPR027385	PF13508_IPR000182	PF13518_IPR055247	PF13523_.	PF13539_IPR039561	PF13542_IPR032877	PF13550_IPR032876	PF13551_.	PF13565_.	PF13569_IPR025406	PF13576_IPR001646	PF13588_IPR029464	PF13591_.	PF13592_IPR025959	PF13604_.	PF13610_IPR032874	PF13617_IPR025985	PF13632_IPR001173	PF13636_IPR027391	PF13640_IPR044862	PF13643_IPR025285	PF13655_IPR025960	PF13672_IPR001932	PF13677_IPR025713	PF13682_IPR025991	PF13683_IPR001584	PF13685_IPR032837	PF13692_.	PF13700_IPR025296	PF13708_IPR031339	PF13728_IPR039555	PF13729_IPR032811	PF13730_.	PF13737_IPR025668	PF13744_IPR039554	PF13807_IPR032807	PF13856_IPR025601	PF13884_IPR030392	PF13895_.	PF13927_.	PF13935_IPR025153	PF13936_IPR025246	PF13939_IPR025211	PF13940_IPR025253	PF13957_IPR020353	PF13973_IPR025317	PF13974_IPR025594	PF13977_IPR039538	PF13981_IPR025726	PF13984_IPR025729	PF13985_IPR020363	PF13986_IPR025319	PF13990_IPR025599	PF13992_IPR025731	PF13993_IPR025600	PF13994_IPR023829	PF13996_IPR025611	PF13998_IPR020907	PF13999_IPR025732	PF14000_IPR025147	PF14001_IPR017704	PF14020_IPR025330	PF14090_IPR055245	PF14113_IPR025562	PF14220_IPR025479	PF14264_IPR025686	PF14350_IPR025683	PF14355_IPR026001	PF14359_IPR025518	PF14376_IPR025992	PF14464_IPR028090	PF14486_IPR027839	PF14488_IPR027849	PF14525_IPR035418	PF14528_IPR004860	PF14542_IPR031165	PF14549_.	PF14690_IPR029261	PF14759_IPR028202	PF14785_IPR029345	PF14841_IPR032779	PF14842_IPR028263	PF14850_IPR024082	PF14863_IPR029228	PF14864_IPR029229	PF14883_IPR032772	PF15523_IPR029118	PF15864_IPR031726	PF15894_IPR031767	PF15919_IPR031807	PF15930_IPR031830	PF15939_IPR031853	PF15943_IPR031856	PF15976_IPR031917	PF15978_IPR032750	PF16080_IPR032118	PF16177_IPR032387	PF16220_IPR032623	PF16331_IPR032519	PF16449_IPR016514	PF16452_IPR032499	PF16461_IPR032494	PF16473_IPR033390	PF16510_IPR032427	PF16532_IPR032395	PF16535_IPR032391	PF16677_IPR032066	PF16695_IPR032032	PF16816_IPR031817	PF16884_IPR041694	PF16928_IPR031619	PF16931_IPR032637	PF16932_IPR031618	PF16973_IPR031576	PF17042_IPR031475	PF17073_IPR031411	PF17089_IPR031382	PF17125_IPR031341	PF17147_IPR033412	PF17153_IPR033418	PF17155_IPR033420	PF17156_IPR033422	PF17158_IPR033424	PF17287_IPR035251	PF17289_IPR035421	PF17345_IPR035317	PF17399_IPR035404	PF17400_IPR035387	PF17481_IPR035326	PF17482_IPR020287	PF17496_IPR035273	PF17516_IPR035236	PF17547_IPR035191	PF17762_IPR041468	PF17804_IPR040573	PF17837_IPR041354	PF17874_IPR041617	PF17938_IPR041474	PF17940_IPR041583	PF17962_IPR041462	PF17970_IPR040639	PF17972_IPR041203	PF17973_IPR041246	PF17985_IPR040658	PF18011_IPR041399	PF18024_IPR030828	PF18030_IPR041107	PF18090_IPR040873	PF18159_IPR049920	PF18272_IPR040987	PF18327_IPR041349	PF18331_IPR041097	PF18340_IPR040668	PF18352_IPR041599	PF18406_IPR041329	PF18412_IPR040716	PF18607_IPR041250	PF18623_IPR041419	PF18649_IPR040695	PF18673_IPR040755	PF18693_IPR002792	PF18715_IPR040629	PF18733_IPR040826	PF18757_IPR040835	PF18818_IPR041459	PF18821_IPR040677	PF18836_IPR040831	PF18899_IPR043714	PF18928_IPR043733	PF18934_IPR043737	PF18945_IPR044032	PF18946_IPR044033	PF18974_IPR043764	PF19044_IPR043964	PF19263_IPR045455	PF19295_IPR045595	PF19335_IPR045800	PF19419_IPR046025	PF19842_IPR017587	PF19924_IPR045664	PF20126_IPR045397	PF20148_IPR045351	PF20155_IPR013491	PF20256_IPR046867	PF20257_IPR046470	PF20350_IPR046587	PF20432_IPR046847	PF20441_IPR046462	PF20454_IPR046454	PF20535_IPR046638	PF20560_IPR046786	PF20658_IPR048357	PF20714_IPR048714	PF20736_IPR049046	PF20737_IPR049049	PF20798_IPR048901	PF20872_IPR048464	PF21001_IPR048376	PF21010_.	PF21085_IPR048590	PF21118_IPR048442	PF21142_IPR049120	PF21150_IPR048457	PF21197_IPR049003	PF21205_.	PF21302_IPR048647	PF21304_IPR049034	PF21305_IPR049371	PF21368_IPR049030	PF21435_IPR049307	PF21439_IPR049013	PF21519_IPR049104	PF21523_IPR048345	PF21527_IPR049002	PF21661_IPR049206	PF21683_IPR049354	PF21687_IPR049031	PF21689_.	PF21721_IPR048291	PF21722_IPR049304	PF21765_IPR049122	PF21775_IPR048798	PF21783_IPR048433	PF21821_IPR048494	PF21822_IPR049156	PF21882_IPR054075	PF21929_IPR053982	PF21983_IPR053842	PF21987_IPR054152	PF21999_IPR053848	PF22103_IPR054329	PF22178_IPR054030	PF22232_IPR054558	PF22255_IPR053981	PF22267_IPR053987	PF22270_IPR053988	PF22303_IPR054466	PF22318_IPR054244	PF22341_IPR054757	PF22364_IPR054553	PF22429_IPR055156	PF22461_IPR054765	PF22479_IPR054252	PF22483_IPR054353	PF22590_IPR054712	PF22671_IPR054564	PF22752_IPR052552	PF22759_IPR054496	PF22764_IPR054440	PF22863_IPR054462	PF22865_IPR047998	PF22867_IPR054444	PF23127_IPR056464	PF23505_IPR057800	PF23514_IPR057813	PF23536_IPR055397	PF23607_.	PF23641_IPR056946	PF23677_IPR056956	PF23680_IPR057814	PF23690_IPR057799	PF23694_IPR048209	PF23793_IPR058979	PF23840_IPR056912	PF23961_IPR057087	PF23982_IPR056914	PF24078_IPR057393	PF24233_IPR055869	PF24421_IPR055383	PF24489_IPR057587	PF24622_.	PF24624_IPR057084	PF24673_IPR049597	PF24801_IPR055385	PF24996_IPR056734	PF25023_IPR056823	PF25165_IPR057150	PF25209_.	PF25212_.	PF25392_IPR057485	PF25539_IPR044669	PF25638_IPR057653	PF25659_IPR057715	PF25680_IPR057895	PF25688_IPR057916	PF25694_IPR057902	PF25738_IPR057872	PF25753_IPR057955	PF25799_IPR057925	PF25855_IPR058988	PF25869_IPR058791	PF25873_IPR059106	PF25881_IPR059052	PF25919_IPR058790	PF26078_IPR058531	PF26079_IPR058530	PF26124_IPR058351	PF26151_IPR058829	PF26207_IPR058601	PF26304_IPR058805	PF26340_IPR058813	PF26358_IPR047707	PF26516_IPR058975	PF26518_IPR049586	PF26599_IPR047782	PF26610_IPR058827
TMD_MAC_PEN	1.4797517146295622e-5	4.3452114979529e-5	0.9998362590931196	6.696335060212467e-5	3.852792415253011e-5	623.1287	TMD_MAC_PEN	1	1	1	0	1	1	1	0	1	1	1	1	1	1	1	1	1	1	1	1	1	1	0	1	1	1	1	1	1	1	1	0	0	1	0	1	1	1	0	1	1	1	1	0	1	1	1	1	0	1	0	1	1	1	0	1	1	1	1	1	1	1	0	1	1	1	1	0	1	1	1	0	1	1	1	1	0	0	1	0	1	0	1	1	1	1	1	0	1	1	1	1	0	1	1	1	1	1	1	1	0	1	1	1	0	0	1	0	1	0	0	1	1	0	1	1	1	1	0	1	1	0	1	1	1	1	1	1	1	1	1	1	1	1	1	1	1	1	1	0	1	0	1	0	1	1	0	1	1	0	0	1	0	1	0	1	1	1	1	1	0	1	0	0	0	0	1	1	1	0	0	1	1	1	1	1	1	1	1	1	1	1	1	1	1	1	1	1	1	1	0	0	1	1	1	0	1	1	0	1	1	1	1	0	1	0	1	1	1	1	1	0	0	1	0	1	1	0	1	1	1	0	1	1	1	0	0	1	1	0	0	1	0	0	1	0	0	0	0	1	1	1	1	1	1	1	1	1	0	1	1	0	0	0	0	1	1	1	1	1	0	1	1	0	0	1	0	1	0	0	0	1	0	1	0	1	1	1	1	1	1	0	1	1	0	1	1	1	0	1	0	1	0	1	1	1	0	1	0	0	1	1	0	1	0	0	0	0	1	0	0	1	0	1	0	1	1	1	0	0	1	0	1	0	0	1	1	1	0	1	1	0	1	0	0	0	0	0	1	1	1	1	0	0	1	1	1	1	1	1	1	0	1	1	0	0	1	0	1	1	1	0	1	1	1	1	1	1	1	1	1	1	1	1	1	1	1	1	0	0	1	0	1	1	1	1	1	1	1	0	0	0	1	1	1	0	1	1	1	1	1	1	1	0	1	0	0	0	1	1	1	1	1	0	0	1	0	1	1	1	1	0	1	1	0	1	1	1	1	1	0	1	1	1	0	0	1	1	1	1	1	0	0	1	0	1	1	1	0	1	1	0	0	0	0	1	0	1	1	0	1	1	0	1	1	1	0	0	1	1	1	0	1	0	1	1	1	0	0	0	1	0	0	0	0	0	0	1	1	0	0	1	0	1	1	0	1	1	1	1	0	0	1	0	1	0	0	1	1	0	0	1	0	1	0	1	1	1	1	0	1	1	0	1	0	1	0	1	1	1	0	1	0	0	1	1	1	1	0	1	0	1	1	1	1	1	1	1	0	0	0	1	0	0	1	0	0	1	0	0	0	0	0	1	0	0	1	1	1	1	1	1	0	0	1	1	1	1	0	0	1	0	0	0	0	1	0	1	1	1	1	1	1	0	1	1	1	1	1	1	1	0	0	0	0	1	0	1	1	1	0	0	0	1	1	1	1	1	1	1	1	0	1	1	1	1	0	1	1	1	0	0	0	0	0	0	0	1	1	0	1	0	1	0	1	1	0	0	1	0	1	1	1	1	1	1	1	1	1	0	0	1	1	1	0	0	1	0	1	1	1	0	1	1	0	1	1	0	1	1	0	0	0	1	0	0	0	0	0	1	0	1	1	0	1	1	0	1	1	0	0	1	0	1	0	1	1	0	1	0	1	1	0	0	1	1	1	1	1	0	1	0	0	1	1	1	1	1	1	1	1	1	0	0	1	0	0	1	0	1	1	0	1	1	1	1	1	1	1	0	0	1	0	1	0	1	1	1	1	1	0	0	0	1	0	0	0	0	0	0	1	1	1	1	1	0	1	0	1	1	1	1	1	0	1	1	1	1	1	0	0	0	0	1	0	0	0	1	1	0	1	1	0	0	1	0	1	1	1	1	0	0	0	0	0	1	1	0	1	0	0	0	0	0	1	1	1	0	0	1	0	1	1	1	0	0	0	1	1	0	0	1	1	1	0	1	1	1	1	1	0	0	1	0	0	0	1	1	1	1	0	1	1	1	1	1	1	0	0	0	0	1	1	1	1	0	0	1	0	1	1	0	1	1	1	0	0	1	1	0	0	0	0	0	1	1	0	1	0	0	0	1	1	1	1	1	0	0	0	1	1	1	0	0	0	1	1	0	1	1	1	0	0	1	1	0	1	1	1	0	1	0	0	1	1	0	0	1	1	1	1	0	1	0	0	1	0	0	0	0	0	1	0	1	0	0	0	1	1	1	1	0	1	1	1	1	0	1	1	1	0	1	0	0	1	0	0	0	1	1	0	0	0	1	1	0	1	0	0	1	0	1	0	1	1	0	1	1	1	0	1	1	1	1	1	0	0	1	1	1	0	0	1	0	0	1	1	1	1	1	1	1	0	0	1	0	0	1	0	0	1	1	1	0
TMD_PEN_MAC	9.845667487347393e-5	7.619483456496597e-4	0.04267122074425928	0.12268522941560504	0.8337831448196126	623.1288	TMD_PEN_MAC	0	1	1	1	1	0	1	0	1	1	1	0	1	1	1	1	1	1	1	1	0	1	0	1	1	1	0	1	1	0	1	0	1	1	0	1	1	1	0	1	1	1	0	0	1	1	1	1	1	1	0	1	1	0	0	1	1	1	1	1	1	1	0	1	1	1	1	0	1	1	1	0	1	0	0	1	0	0	1	0	1	0	1	1	1	1	1	0	0	1	1	1	0	1	1	1	1	1	1	1	0	1	1	1	0	0	1	0	1	0	0	0	1	0	1	1	1	0	0	1	1	0	1	1	1	1	1	1	1	1	1	1	1	1	1	1	1	1	0	1	1	0	1	1	0	1	1	0	1	0	0	1	0	0	1	1	1	1	1	1	0	0	1	0	0	0	1	1	1	1	0	1	0	1	1	1	1	1	1	1	1	1	1	1	1	1	1	1	1	1	0	0	1	1	1	0	1	1	0	0	1	1	1	0	1	0	1	1	1	1	0	0	0	1	0	1	1	1	1	1	1	0	1	1	1	0	0	1	1	0	1	1	0	0	1	0	1	0	1	1	0	1	1	1	1	1	1	1	0	0	1	0	0	0	1	1	1	1	1	1	0	1	1	0	0	1	0	1	1	0	0	1	0	1	0	1	1	1	1	1	1	0	1	1	0	1	1	1	0	1	0	0	0	1	1	1	0	1	0	0	1	1	0	1	0	0	1	0	1	0	0	1	0	1	0	1	1	0	0	0	1	0	1	0	0	1	0	1	1	1	0	0	1	0	1	1	0	0	0	1	1	1	0	0	1	0	1	1	1	1	1	1	1	1	0	0	1	0	1	1	1	0	1	1	1	1	1	1	1	1	1	1	1	1	1	1	0	1	0	0	1	0	1	1	1	1	1	1	1	0	0	0	1	1	1	0	1	1	1	1	1	1	1	0	0	0	0	0	1	0	1	1	1	0	0	1	0	1	1	1	1	0	1	1	0	1	1	1	1	0	0	1	1	1	0	0	1	1	0	1	1	0	0	1	0	1	1	1	0	1	0	0	0	0	1	1	0	1	1	0	1	1	0	1	1	1	0	0	1	0	1	0	0	0	1	1	1	1	0	0	1	1	0	0	1	0	0	0	1	0	0	1	0	1	1	1	1	1	1	1	0	1	1	0	1	0	0	1	0	0	0	1	0	1	0	1	1	1	0	0	1	0	0	1	0	1	0	1	1	0	0	1	0	0	1	1	0	0	0	0	0	0	1	1	1	1	1	1	0	0	0	1	0	0	1	0	0	1	1	0	0	0	0	1	0	0	1	1	1	1	1	1	0	0	1	1	1	1	0	0	1	0	0	0	0	1	0	1	1	1	1	1	1	0	1	1	1	1	1	1	1	0	0	0	0	1	0	1	1	1	0	1	0	1	1	1	1	1	1	0	1	0	1	1	1	1	0	1	1	0	0	0	0	0	0	0	0	0	1	0	1	0	1	0	0	0	1	1	1	0	1	1	1	1	1	1	0	1	1	0	1	0	1	1	0	0	1	0	1	1	1	0	1	1	0	1	1	0	1	1	0	0	1	1	0	0	0	0	0	0	0	1	1	0	0	1	0	1	0	1	0	1	1	0	1	1	0	0	1	0	1	1	0	0	1	1	1	1	1	0	1	0	0	0	1	1	1	1	1	0	1	1	0	1	1	0	0	0	1	1	1	0	1	1	1	1	1	1	0	0	1	1	0	1	0	1	1	1	1	0	1	0	0	1	0	0	0	0	0	1	1	1	1	1	1	0	1	0	1	0	1	1	1	1	1	1	1	1	1	1	0	0	0	0	0	0	0	1	1	0	1	1	0	0	1	1	1	1	1	1	0	0	0	1	0	1	1	0	1	0	0	0	0	0	1	1	1	0	0	1	0	0	0	0	0	0	0	1	0	0	0	1	1	1	0	1	1	1	0	1	0	0	0	0	0	0	1	1	1	1	0	1	1	0	1	1	1	0	0	0	0	0	1	1	1	1	0	1	0	1	1	1	0	1	0	0	0	0	1	0	0	0	1	0	1	1	0	1	0	1	0	1	1	1	1	1	0	0	0	1	1	1	0	0	0	1	1	0	1	1	1	0	0	0	1	0	1	1	1	0	1	0	0	1	0	0	1	0	0	1	1	1	1	0	0	0	0	0	0	0	0	1	1	1	0	1	0	1	1	0	1	0	1	1	0	0	0	0	1	1	1	0	0	0	0	0	0	0	1	1	0	0	1	1	1	0	1	0	0	1	0	1	1	1	0	0	1	1	1	0	0	1	1	1	1	0	0	1	1	1	0	0	0	0	0	1	0	0	1	1	1	1	0	0	0	0	0	0	0	0	1	0	1	0
TMD_PEN	0.010047127551029161	0.043801704013354884	0.0022701595862055965	0.9436031767850629	2.778320643474576e-4	623.1295	TMD_PEN	1	1	1	0	1	0	1	0	1	1	1	1	1	1	1	1	1	1	1	1	1	1	0	1	1	1	1	1	1	1	1	0	0	1	0	1	1	1	0	1	1	1	1	0	1	1	1	1	0	1	0	1	1	1	1	1	1	1	1	1	1	1	0	1	1	1	1	0	1	1	1	0	1	1	1	1	0	0	1	0	1	0	1	1	1	1	1	0	1	1	1	1	0	1	0	1	1	1	1	1	0	1	1	1	0	0	0	0	1	0	0	1	0	0	1	1	1	1	0	1	1	0	1	1	1	1	1	1	1	1	1	1	1	1	1	1	1	1	0	0	1	0	1	0	1	1	1	1	1	0	0	1	0	0	0	1	1	1	1	1	0	1	0	0	0	1	1	1	1	0	0	1	1	1	1	1	1	0	1	1	1	0	1	1	1	1	1	1	1	1	1	0	1	1	1	0	1	1	0	1	0	1	1	0	1	0	1	1	1	1	1	0	0	1	0	1	1	0	1	1	1	0	1	1	1	0	1	1	1	0	0	1	1	0	1	0	0	0	0	1	1	1	0	1	1	1	1	1	0	1	1	0	0	0	0	1	1	1	1	1	0	1	1	0	1	1	0	1	0	1	0	1	0	1	0	1	1	1	1	1	1	0	1	0	1	1	0	1	0	1	0	1	0	0	0	1	0	1	0	0	1	1	0	1	0	1	1	1	0	0	0	1	0	1	0	1	1	1	0	0	1	0	1	0	0	1	1	1	0	1	1	0	0	0	0	0	0	0	1	1	1	1	0	0	0	1	1	1	1	1	1	1	1	1	0	0	1	0	1	1	0	1	0	1	1	1	1	1	1	1	1	1	1	1	1	1	1	1	1	0	1	0	1	0	1	1	1	1	1	0	0	0	1	1	1	0	1	1	1	1	1	1	0	0	1	0	0	0	1	1	1	1	0	1	0	0	0	1	1	1	1	0	1	1	0	1	1	1	1	1	0	1	1	1	0	0	0	1	1	1	1	0	0	1	0	0	1	1	0	1	1	0	0	0	0	1	0	1	1	0	1	1	0	0	1	1	0	0	1	1	1	0	1	0	1	0	1	0	0	0	1	0	0	0	0	1	0	1	1	0	0	1	0	1	1	0	1	1	1	1	0	0	1	0	1	1	1	1	1	0	0	1	1	1	0	1	1	1	1	0	1	1	0	1	0	1	0	1	1	1	0	1	0	0	1	1	1	1	0	1	0	1	1	1	0	0	0	0	0	0	0	1	0	0	1	0	0	1	1	0	0	0	0	1	0	0	1	1	1	1	1	1	0	1	1	1	1	1	0	0	1	0	0	0	0	1	0	1	1	1	0	1	1	0	1	1	1	1	1	0	1	0	0	0	1	1	0	1	0	1	1	0	0	1	1	1	1	1	1	1	1	1	1	1	1	0	0	1	0	1	0	0	0	0	1	1	1	1	0	0	1	0	1	0	1	1	1	0	1	0	1	1	1	1	1	1	1	1	1	0	0	1	1	1	0	0	0	0	1	1	1	0	1	1	0	1	0	0	1	0	0	0	0	0	0	0	0	0	0	1	0	1	1	0	1	1	0	1	1	0	0	1	0	0	0	0	1	0	1	0	1	1	1	0	1	1	1	0	1	0	1	0	0	1	1	1	1	1	1	1	0	1	0	0	1	0	0	1	0	1	1	0	1	0	1	1	1	1	0	0	0	1	0	1	0	1	1	1	0	1	0	0	0	1	0	0	0	0	1	0	1	1	1	1	1	0	1	0	1	1	1	1	1	0	1	1	1	1	1	0	0	0	0	1	0	0	0	1	1	0	1	1	0	0	1	0	1	1	1	1	0	0	0	0	0	1	1	0	1	0	0	0	1	0	1	0	1	0	0	1	0	1	1	1	1	0	0	1	1	0	0	1	1	1	0	1	1	1	1	1	0	0	1	0	0	0	1	1	0	1	0	0	1	1	1	1	1	0	0	0	0	1	1	1	1	0	0	1	0	1	1	0	1	1	1	1	0	0	1	0	0	0	0	0	1	1	0	1	0	0	0	0	1	1	1	1	0	0	0	1	1	1	0	0	0	1	1	0	1	1	1	0	0	1	1	0	1	1	1	0	1	0	0	1	1	0	0	1	1	1	1	0	1	0	0	1	0	0	0	0	0	1	0	1	0	0	0	1	1	1	1	0	1	1	1	0	0	1	1	1	0	0	0	0	1	0	0	0	1	0	0	0	1	0	1	0	1	0	0	1	0	1	0	1	1	0	1	1	1	0	0	1	1	1	1	0	0	1	1	1	0	0	1	0	0	1	1	1	1	1	1	1	0	0	1	0	0	1	0	0	0	0	1	0
TMD_MAC_PEN	0.004190376059264265	0.015253343907241118	0.9293717957259383	0.0014730445621872893	0.04971143974536897	623.1326	TMD_PEN_MAC	1	1	1	0	1	0	1	0	1	1	1	1	1	1	1	1	1	1	1	1	1	1	0	1	1	1	1	1	1	1	1	0	0	1	0	1	1	1	0	1	1	1	1	0	1	1	1	1	0	1	0	1	1	1	0	1	1	1	1	1	1	1	0	1	1	1	1	0	1	1	1	0	1	1	1	1	0	0	1	0	1	0	1	1	1	1	1	0	1	1	1	1	0	1	1	1	1	1	1	1	0	1	1	1	0	0	1	0	1	0	0	1	1	0	1	1	1	1	0	1	1	0	1	1	1	1	1	1	1	1	1	1	1	1	1	1	1	1	1	0	1	0	1	0	1	1	0	1	1	0	0	1	0	1	0	1	1	1	1	1	0	1	0	0	0	1	1	1	1	0	0	1	1	1	1	1	1	1	1	1	1	1	1	1	1	1	1	1	1	1	0	0	1	1	1	0	1	1	0	1	0	1	1	0	1	0	1	1	1	1	1	0	0	1	0	1	1	0	1	1	1	0	1	1	1	0	0	1	1	0	0	1	0	0	1	0	0	0	0	1	1	1	1	1	1	1	1	1	0	1	1	0	0	0	0	1	1	1	1	1	0	1	1	0	0	1	0	1	0	0	0	1	0	1	0	1	1	1	1	1	1	0	1	1	0	1	1	1	0	1	0	1	0	1	1	1	0	1	0	0	1	1	0	1	0	0	0	0	1	0	0	1	0	1	0	1	1	1	0	0	1	0	1	0	0	1	1	1	0	1	1	0	1	0	0	0	0	0	1	1	1	1	0	0	1	1	1	1	1	1	1	1	1	1	0	0	1	0	1	1	1	0	1	1	1	1	1	1	1	1	1	1	1	1	1	1	1	1	0	0	1	0	1	1	1	1	1	1	1	0	0	0	1	1	1	0	1	1	1	1	1	1	1	0	1	0	0	0	1	1	1	1	1	1	0	1	0	1	1	1	1	0	1	1	0	1	1	1	1	1	0	1	1	1	0	0	1	1	1	1	1	0	0	1	0	1	1	1	0	1	1	0	0	0	0	1	0	1	1	0	1	1	0	1	1	1	0	0	1	1	1	0	1	0	1	1	1	0	0	0	1	0	0	0	1	0	0	1	1	0	0	1	0	1	1	0	1	1	1	1	0	0	1	0	1	0	0	1	1	0	0	1	0	1	0	1	1	1	1	0	1	1	0	1	0	1	0	1	1	1	0	1	0	0	1	1	1	1	0	1	0	1	1	1	1	1	1	1	0	0	0	1	0	0	1	0	0	1	0	0	0	0	0	1	0	0	1	1	1	1	1	1	0	0	1	1	1	1	0	0	1	0	0	0	0	1	0	1	1	1	1	1	1	0	1	1	1	1	1	1	1	0	0	0	0	1	0	1	1	1	0	0	0	1	1	1	1	1	1	1	1	0	1	1	1	1	0	1	1	1	0	0	0	0	0	0	0	1	1	0	1	0	1	0	1	1	1	0	1	0	1	1	1	1	1	1	1	1	1	0	0	1	1	1	0	0	1	0	1	1	1	0	1	1	0	1	1	0	1	1	0	0	0	1	0	0	0	0	0	1	0	1	1	0	1	1	0	1	1	0	0	1	0	0	0	1	1	0	1	0	1	1	0	0	1	1	1	1	1	0	1	0	0	1	1	1	1	1	1	1	1	1	0	0	1	0	0	1	0	1	1	0	1	1	1	1	1	1	1	0	0	1	0	1	0	1	1	1	1	1	0	0	0	1	0	0	0	0	0	0	1	1	1	1	1	0	1	0	1	1	1	1	1	0	1	1	1	1	1	0	0	0	0	1	0	0	0	1	1	0	1	1	0	0	1	0	1	1	1	1	0	0	0	0	0	1	1	0	1	0	0	0	0	0	1	1	1	0	0	1	0	1	1	1	0	0	0	1	1	0	0	1	1	1	0	1	1	1	1	1	0	0	1	0	0	0	1	1	1	1	0	1	1	1	1	1	1	0	0	0	0	1	1	1	1	0	0	1	0	1	1	0	1	1	1	0	0	1	1	0	0	0	0	0	1	1	0	1	0	0	0	1	1	1	1	1	0	0	0	1	1	1	0	0	0	1	1	0	1	1	1	0	0	1	1	0	1	1	1	0	1	0	0	1	1	0	0	1	1	1	1	0	1	0	0	1	0	0	0	0	0	1	0	1	0	0	0	1	1	1	1	0	1	1	1	1	0	1	1	1	0	1	0	0	1	0	0	0	1	1	0	0	1	1	1	0	1	0	0	1	0	1	0	1	1	0	1	1	1	0	0	1	1	1	1	0	0	1	1	1	0	0	1	0	0	1	1	1	1	1	1	1	0	0	1	0	0	1	0	0	1	0	1	0
TMD_MAC_PEN	0.022876029036793782	0.0191312353989641	0.6110461762709267	0.008041619582707361	0.3389049397106081	623.1327	TMD_MAC_PEN	1	1	1	0	1	0	1	0	1	1	1	1	1	1	1	1	1	1	1	1	1	1	0	1	1	1	1	1	1	1	1	0	0	1	0	1	1	1	0	1	1	1	1	0	1	1	1	1	0	1	0	1	1	1	0	1	1	1	1	1	1	1	0	1	1	1	1	0	1	1	1	0	1	1	1	1	0	0	1	0	1	0	1	1	1	1	1	0	1	1	1	1	0	1	1	1	1	1	1	1	0	1	1	1	0	0	1	0	1	0	0	1	1	0	1	1	1	1	0	1	1	0	1	1	1	1	1	1	1	1	1	1	1	1	1	1	1	1	1	0	1	0	1	0	1	1	1	1	1	0	0	1	0	1	0	1	1	1	1	1	0	1	0	0	0	1	1	1	1	0	0	1	1	1	1	1	1	1	1	1	1	1	1	1	1	1	1	1	1	1	0	0	1	1	1	0	1	1	0	1	1	1	1	0	1	0	1	1	1	1	1	0	0	1	0	1	1	0	1	1	1	0	1	1	1	0	0	1	1	0	0	1	0	0	1	0	0	0	0	1	1	1	1	1	1	1	1	1	0	1	1	0	0	0	0	1	1	1	1	1	0	1	1	0	0	1	0	1	0	0	0	1	0	1	0	1	1	1	1	1	1	0	1	1	0	1	1	1	0	1	0	1	0	1	1	1	0	1	0	0	1	1	0	1	0	0	0	0	1	0	0	1	0	1	0	1	1	1	0	0	1	0	1	0	0	1	1	1	0	1	1	0	1	0	0	0	0	0	1	1	1	1	0	0	1	1	1	1	1	1	1	1	1	1	0	0	1	0	1	1	1	0	1	1	1	1	1	1	1	1	1	1	1	1	1	1	1	1	0	0	1	0	1	1	1	1	1	1	1	0	0	0	1	1	1	0	1	1	1	1	1	1	1	0	1	0	0	0	1	1	1	1	1	1	0	1	0	1	1	1	1	0	1	1	0	1	1	1	1	1	0	1	1	1	0	0	1	1	1	1	1	0	0	1	0	1	1	1	0	1	1	0	0	0	0	1	0	1	1	0	1	1	0	1	1	1	0	0	1	1	1	0	1	0	1	1	1	0	0	0	1	0	0	0	0	0	0	1	1	0	0	1	0	1	1	0	1	1	1	1	0	0	1	0	1	0	0	1	1	0	0	1	0	1	0	1	1	1	1	0	1	1	0	1	0	1	0	1	1	1	0	1	0	0	1	1	1	1	0	1	0	1	1	1	1	1	1	1	0	0	0	1	0	0	1	0	0	1	0	0	0	0	0	1	0	0	1	1	1	1	1	1	0	0	1	1	1	1	0	0	1	0	0	0	0	1	0	1	1	1	1	1	1	0	1	1	1	1	1	1	1	0	0	0	0	1	0	1	1	1	0	0	0	1	1	1	1	1	1	1	1	0	1	1	1	1	0	1	1	1	0	0	0	0	0	0	0	1	1	0	1	0	1	0	1	1	1	0	1	0	1	1	1	1	1	1	1	1	1	0	0	1	1	1	0	0	1	0	1	1	1	0	1	1	0	1	1	0	1	1	0	0	0	1	0	0	0	0	0	1	0	1	1	0	1	1	0	1	0	0	0	1	0	0	0	1	1	0	1	0	1	1	0	0	1	1	1	1	1	0	1	0	0	1	1	1	1	1	1	1	1	1	0	0	1	0	0	1	0	1	1	0	1	1	1	1	1	1	1	0	0	1	0	1	0	1	1	1	1	1	0	0	0	1	0	0	0	0	0	0	1	1	1	1	1	0	1	0	1	0	1	1	1	0	1	1	1	1	1	0	0	0	0	1	0	0	0	1	1	0	1	1	0	0	1	0	1	1	1	1	0	0	0	0	0	1	1	0	1	0	0	0	0	0	1	1	1	0	0	1	0	1	1	1	0	0	0	1	1	0	0	1	1	1	0	1	1	1	1	1	0	0	1	0	0	0	1	1	1	1	0	1	1	1	1	1	1	0	0	0	0	1	1	1	1	0	0	1	0	1	1	0	1	1	1	0	0	1	1	0	0	0	0	0	1	1	0	1	0	0	0	1	1	1	1	1	0	0	0	1	1	1	0	0	0	1	1	0	1	1	1	0	0	1	1	0	1	1	1	0	1	0	0	1	1	0	0	1	1	1	1	0	1	0	0	1	0	0	0	0	0	1	0	1	0	0	0	1	1	1	1	0	1	1	1	1	0	1	1	1	0	1	0	0	1	0	0	0	1	1	0	0	1	1	1	0	1	0	0	1	0	1	0	1	1	0	1	1	1	0	0	1	1	1	1	0	0	1	1	1	0	0	1	0	0	1	1	1	1	1	1	1	0	0	1	0	0	1	0	0	1	0	1	0
TMD_PEN_MAC	0.017205723369230597	0.007210418197415812	0.1412963280668701	0.006048334776901591	0.8282391955895819	623.1371	TMD_MAC_PEN	1	1	1	0	1	0	1	0	1	1	1	1	1	1	1	1	1	1	1	1	1	1	0	1	1	1	1	1	1	1	1	0	0	1	0	1	1	1	0	1	1	1	1	0	1	1	1	1	0	1	0	1	1	1	0	1	1	1	1	1	1	1	0	1	1	1	1	0	1	1	1	0	1	1	1	1	0	0	1	0	1	0	1	1	1	1	1	0	1	1	1	1	0	1	1	1	1	1	1	1	0	1	1	1	0	0	1	0	1	0	0	1	1	0	1	1	1	1	0	1	1	0	1	1	1	1	1	1	1	1	1	1	1	1	1	1	1	1	1	0	1	0	1	0	1	1	1	1	1	0	0	1	0	1	1	1	1	1	1	1	0	1	0	0	0	1	1	1	1	0	0	1	1	1	1	1	1	1	1	1	1	1	1	1	1	1	1	1	1	1	0	0	1	1	1	0	1	1	0	1	1	1	1	0	1	0	1	1	1	1	1	0	0	1	0	1	1	0	1	1	1	0	1	1	1	0	0	1	1	0	0	1	0	0	1	0	0	0	0	1	1	1	1	1	1	1	1	1	0	1	1	0	0	0	0	1	1	1	1	1	0	1	1	0	0	1	0	1	0	0	0	1	0	1	0	1	1	1	1	1	1	0	1	1	0	1	1	1	0	1	0	1	0	1	1	1	0	1	0	0	1	1	0	1	0	0	0	0	1	0	0	1	0	1	0	1	1	1	0	0	1	0	1	0	0	1	1	1	0	1	1	0	1	0	0	0	0	0	1	1	1	1	0	0	1	1	1	1	1	1	1	1	1	1	0	0	1	0	1	1	1	0	1	1	1	1	1	1	1	1	1	1	1	1	1	1	1	1	0	0	1	0	1	1	1	1	1	1	1	0	0	0	1	1	1	0	1	1	1	1	1	1	1	0	1	0	0	0	1	1	1	1	1	1	0	1	0	1	1	1	1	0	1	1	0	1	1	1	1	1	0	1	1	1	0	0	1	1	1	1	1	0	0	1	0	1	1	1	0	1	1	0	0	0	0	1	0	1	1	0	1	1	0	1	1	1	0	0	1	1	1	0	1	0	1	1	1	0	0	0	1	0	0	0	1	0	0	1	1	0	0	1	0	1	1	0	1	1	1	1	0	0	1	0	1	0	0	1	1	0	0	1	0	1	0	1	1	1	1	0	1	1	0	1	0	1	0	1	1	1	0	1	0	0	1	1	1	1	0	1	0	1	1	1	1	1	1	1	0	0	0	1	0	0	1	0	0	1	0	0	0	0	0	1	0	0	1	1	1	1	1	1	0	0	1	1	1	1	0	0	1	0	0	0	0	1	0	1	1	1	1	1	1	0	1	1	1	1	1	1	1	0	0	0	0	1	0	1	1	1	0	0	0	1	1	1	1	1	1	1	1	0	1	1	1	1	0	1	1	1	0	0	0	0	0	0	0	1	1	0	1	0	1	0	1	1	1	0	1	0	1	1	1	1	1	1	1	1	1	0	0	1	1	1	0	0	1	0	1	1	1	0	1	1	0	1	1	0	1	1	0	0	0	1	0	0	0	0	0	1	0	1	1	0	1	1	0	1	1	0	0	1	0	0	0	1	1	0	1	0	1	1	0	0	1	1	1	1	1	0	1	0	0	1	1	1	1	1	1	1	1	1	0	0	1	0	0	1	0	1	1	0	1	1	1	1	1	1	1	0	0	1	0	1	0	1	1	1	1	1	0	0	0	1	0	0	0	0	0	0	1	1	1	1	1	0	1	0	1	0	1	1	1	0	1	1	1	1	1	0	0	0	0	1	0	0	0	1	1	0	1	1	0	0	1	0	1	1	1	1	0	0	0	0	0	1	1	0	1	0	0	0	0	0	1	1	1	0	0	1	0	1	1	1	0	0	0	1	1	0	0	1	1	1	0	1	1	1	1	1	0	0	1	0	0	0	1	1	1	1	0	1	1	1	1	1	1	0	0	0	0	1	1	1	1	0	0	1	0	1	1	0	1	1	1	0	0	1	1	0	0	0	0	0	1	1	0	1	0	0	0	1	1	1	1	1	0	0	0	1	1	1	0	0	0	1	1	0	1	1	1	0	0	1	1	0	1	1	1	0	1	0	0	1	1	0	0	1	1	1	1	0	1	0	0	1	0	0	0	0	0	1	0	1	0	0	0	1	1	1	1	0	1	1	1	1	0	1	1	1	0	1	0	0	1	0	0	0	1	1	0	0	0	1	1	0	1	0	0	1	0	1	0	1	1	0	1	1	1	0	0	1	1	1	1	0	0	1	1	1	0	0	1	0	0	1	1	1	1	1	1	1	0	0	1	0	0	1	0	0	1	0	1	0
PEN	0.9978465046089223	9.080219973878309e-5	7.917323966443503e-6	0.0016240959643771566	0.00043067990299527637	623.1373	PEN	1	1	1	1	0	0	1	0	1	1	1	1	1	1	1	1	1	1	1	1	0	1	0	1	1	1	1	1	1	0	0	0	1	1	0	1	1	1	0	1	1	1	1	0	0	1	1	0	0	1	0	1	1	1	1	1	1	1	1	1	0	1	0	1	1	1	0	0	1	1	0	0	1	1	1	1	0	0	1	0	1	0	1	1	1	1	1	0	1	1	1	1	0	1	0	1	1	1	0	1	0	1	1	1	0	0	0	0	1	0	0	1	0	0	1	1	1	1	0	1	1	0	1	0	0	1	0	1	1	1	1	1	0	0	1	1	0	0	0	0	1	0	1	0	0	0	1	1	1	0	0	1	0	1	1	1	1	1	1	1	0	1	0	0	0	0	1	1	1	0	0	1	0	1	1	1	1	1	0	1	1	0	1	1	0	1	1	1	1	0	1	0	1	1	1	0	1	1	0	1	0	1	1	0	1	0	0	1	0	1	1	1	0	1	0	1	1	0	1	1	0	0	1	1	1	0	0	1	1	1	0	1	0	0	1	0	0	0	0	1	1	1	1	1	1	1	1	0	0	1	1	0	1	0	0	1	1	1	1	1	0	1	1	0	0	1	0	1	0	0	0	1	0	1	0	1	0	1	1	1	1	0	0	0	0	0	0	1	0	1	0	1	0	0	0	1	0	1	0	0	1	1	0	1	0	0	1	0	0	0	1	1	1	1	0	0	1	1	0	0	1	0	1	0	0	1	1	1	1	1	0	1	0	1	1	0	0	0	1	1	1	1	0	0	0	1	1	1	1	1	1	1	1	1	0	0	1	0	0	1	0	0	0	1	1	1	0	0	1	1	1	1	1	1	0	1	1	1	0	0	0	0	1	0	1	1	1	1	1	0	1	1	1	1	1	0	1	1	1	0	1	1	0	0	1	0	0	0	1	1	1	1	0	1	0	0	0	1	1	1	1	0	1	1	0	1	1	1	1	1	0	1	1	0	0	1	0	1	1	1	1	0	0	1	0	0	1	1	0	1	1	1	0	0	0	1	0	0	1	0	1	0	0	1	1	1	0	0	1	1	1	0	1	0	1	0	1	0	0	1	1	0	0	0	1	0	0	0	1	0	0	1	0	1	1	0	1	1	1	1	0	0	1	0	1	0	0	1	1	0	0	1	0	0	0	1	1	1	1	0	0	1	1	0	0	1	0	1	1	0	0	1	0	0	0	1	1	1	0	1	0	1	1	1	0	0	0	0	0	0	0	1	0	0	0	0	0	0	0	0	0	0	0	1	0	1	1	1	1	1	1	1	0	0	1	1	1	1	0	0	1	0	0	0	0	1	0	1	1	1	1	1	1	0	1	1	1	1	1	1	1	0	0	0	0	1	0	1	0	1	1	0	0	1	1	1	0	1	1	0	1	0	1	1	1	0	0	1	0	0	0	0	0	0	1	0	0	1	1	0	1	0	0	0	0	0	1	0	1	0	1	1	1	1	1	1	0	1	1	0	0	1	1	1	0	0	0	0	0	1	1	0	1	1	0	1	0	1	1	0	0	0	0	0	0	0	0	1	0	1	1	0	0	0	1	1	0	1	0	0	0	1	0	1	0	0	1	0	1	0	1	1	1	0	1	1	1	1	1	0	0	0	0	1	1	1	1	1	1	1	1	1	0	0	1	0	0	1	0	1	1	0	1	0	1	1	1	1	1	0	1	0	0	1	0	1	1	1	0	0	0	0	0	1	0	0	0	0	1	0	1	0	1	1	1	0	1	0	1	1	1	1	1	0	1	1	1	1	1	0	0	0	0	0	0	0	0	1	1	0	1	1	1	1	0	0	1	1	1	1	0	1	1	0	0	1	1	0	1	0	0	0	0	0	1	1	1	0	0	1	1	0	0	1	0	0	0	1	1	0	0	1	1	1	0	1	1	1	1	1	1	0	0	0	0	0	1	1	0	1	0	0	1	0	1	0	1	0	0	0	0	1	1	1	1	0	0	1	0	1	1	0	1	1	1	0	0	0	1	0	0	0	0	0	1	1	1	1	0	0	0	0	1	1	0	1	0	0	0	1	0	1	0	0	0	1	0	0	0	1	1	0	0	1	1	0	1	1	1	0	1	0	1	1	1	0	0	1	1	1	1	0	1	0	0	0	0	0	0	0	0	0	0	0	0	0	1	1	1	1	1	0	1	1	1	1	0	1	1	1	0	0	0	0	1	0	0	0	1	0	0	1	1	0	1	0	1	0	1	1	0	1	0	0	1	0	1	1	1	0	1	1	1	1	1	0	0	1	1	1	0	1	1	0	0	1	1	1	0	1	1	0	0	0	1	0	1	1	0	0	1	0	1	0
PEN	0.9794180055581234	0.0014962612976691621	9.676929344776518e-6	0.01899856476673488	7.749144812778693e-5	623.1384	PEN	0	1	1	1	1	0	1	0	1	1	1	1	1	1	1	1	1	1	0	1	0	1	0	0	1	1	0	0	1	0	1	0	0	1	0	1	1	1	0	1	1	1	0	0	1	0	1	1	0	1	0	1	1	0	0	1	1	1	1	0	1	0	0	1	0	1	1	0	1	1	0	0	1	0	0	0	0	0	1	0	1	0	1	1	1	1	1	0	0	1	1	1	0	1	0	1	1	1	1	1	0	1	0	1	0	0	0	0	1	0	0	0	0	0	1	1	1	0	0	1	0	0	1	0	1	1	1	1	1	0	1	1	1	1	1	1	1	1	0	0	1	0	1	0	0	1	1	0	1	0	0	1	0	0	1	0	1	1	1	1	0	0	0	0	0	0	0	1	1	1	0	0	0	1	1	1	1	1	1	1	0	0	1	1	1	0	1	1	0	1	0	0	0	1	1	0	0	1	0	0	0	1	1	0	1	0	1	1	1	1	0	0	0	1	0	1	0	0	1	1	1	0	1	0	0	0	0	0	1	0	0	1	0	0	1	0	0	0	0	0	0	1	1	1	1	1	1	1	0	0	1	0	0	0	0	1	1	1	1	1	0	1	1	0	0	1	0	1	0	0	0	1	0	1	0	1	1	1	1	1	1	0	1	0	0	1	0	1	0	1	0	0	0	0	0	1	0	1	0	0	1	1	0	1	0	0	1	0	0	0	0	0	0	1	0	1	1	0	0	0	1	0	1	0	0	1	0	1	1	1	0	0	0	0	1	0	0	0	0	1	1	1	0	0	0	0	1	1	1	1	1	1	1	1	0	0	1	0	0	1	0	0	0	1	1	1	1	1	1	0	1	1	1	1	1	1	0	1	0	0	1	0	0	0	1	1	1	1	1	0	0	0	1	1	1	0	1	1	1	0	1	1	0	0	0	0	0	0	1	0	1	1	0	0	0	0	0	1	1	1	1	0	1	0	0	0	0	0	0	1	0	0	1	0	0	0	0	1	0	1	1	0	0	1	0	0	1	0	0	0	0	0	0	0	0	1	0	1	1	0	1	1	0	1	1	1	0	0	0	0	1	0	0	0	1	0	1	0	0	0	1	0	0	0	1	0	0	0	1	0	0	1	0	1	1	0	1	1	1	1	0	0	1	0	1	0	0	0	0	0	0	1	0	1	0	1	1	1	1	0	1	0	0	1	0	1	0	1	1	0	0	1	0	0	1	1	0	0	0	0	0	0	1	1	0	0	0	0	0	0	0	1	0	0	1	0	0	1	0	0	0	0	0	1	0	0	1	1	0	0	1	0	0	0	1	1	1	1	0	0	1	0	0	0	0	1	0	1	0	1	1	0	0	0	1	0	0	1	0	1	1	0	0	0	0	1	0	0	0	1	0	1	0	1	1	1	1	1	1	0	1	0	1	1	1	0	0	1	0	0	0	0	0	0	0	0	0	0	1	0	1	0	1	0	0	0	1	1	1	0	1	0	1	1	0	1	0	1	0	0	1	0	0	1	0	0	0	0	0	1	1	0	1	1	0	1	0	0	0	0	0	0	0	0	0	0	0	0	0	1	0	0	0	0	1	1	0	1	1	1	0	1	0	0	0	0	0	0	1	0	1	1	0	0	1	1	1	1	1	0	1	0	0	0	1	1	1	1	1	0	1	1	0	0	1	0	0	0	0	1	1	0	0	0	0	1	0	1	0	0	1	1	0	1	0	1	1	1	0	0	1	0	0	1	0	0	0	0	0	0	1	1	1	1	0	0	1	0	1	0	1	1	1	1	0	0	1	1	1	1	0	0	0	0	0	0	0	1	1	0	1	0	1	0	0	0	1	1	1	1	0	0	0	1	0	1	1	0	1	0	0	0	0	0	1	1	1	0	0	1	0	0	0	0	0	0	0	0	0	0	0	1	1	1	0	0	0	1	0	1	1	0	0	0	0	0	1	1	0	0	0	0	0	0	1	1	1	0	0	0	0	0	1	1	1	0	0	0	0	1	0	1	0	1	0	0	0	0	1	0	0	0	0	0	0	1	0	1	0	1	0	0	1	1	1	1	0	0	0	1	0	0	0	0	0	1	1	0	1	1	1	0	0	0	1	0	0	1	1	0	0	1	0	0	0	0	0	0	0	1	0	1	1	0	0	0	0	0	0	0	0	1	1	1	0	1	0	1	1	0	0	0	1	1	0	0	0	0	1	1	1	0	0	0	0	0	0	0	1	0	0	0	0	0	1	0	0	0	0	1	0	1	1	1	0	0	1	1	1	0	0	1	1	1	1	0	0	1	1	1	0	0	0	0	0	1	0	0	1	1	1	1	0	0	0	0	1	0	0	0	1	0	1	0
TMD_MAC_PEN	0.0056149872503645165	0.009340876353896193	0.9744607166765052	4.2315604212845036e-4	0.010160263677105515	623.1397	TMD_MAC_PEN	1	1	1	0	1	0	1	0	1	1	1	1	1	1	1	1	1	1	1	1	1	1	0	1	1	1	1	1	1	1	1	0	0	1	0	1	1	1	0	1	1	1	1	0	1	1	1	1	0	1	0	1	1	1	0	1	1	1	1	1	1	1	0	1	1	1	1	0	1	1	1	0	1	1	1	1	0	0	1	0	1	0	1	1	1	1	1	0	1	1	1	1	0	1	1	1	1	1	1	1	0	1	1	1	0	0	1	0	1	0	0	1	1	0	1	1	1	1	0	1	1	0	1	1	1	1	1	1	1	1	1	1	1	1	1	1	1	1	1	0	1	0	1	0	1	1	0	1	1	0	0	1	0	1	0	1	1	1	1	1	0	1	0	0	0	1	1	1	1	0	0	1	1	1	1	1	1	1	1	1	1	1	1	1	1	1	1	1	1	1	0	0	1	1	1	0	1	1	0	1	0	1	0	0	1	0	1	1	1	1	1	0	0	1	0	1	1	0	1	1	1	0	1	1	1	0	0	1	1	0	0	1	0	0	1	0	0	0	0	1	1	1	1	1	1	1	1	1	0	1	1	0	0	0	0	1	1	1	1	1	0	1	1	0	0	1	0	1	0	0	0	1	0	1	0	1	1	1	1	1	1	0	1	1	0	1	1	1	0	1	0	1	0	1	1	1	0	1	0	0	1	1	0	1	0	0	0	0	1	0	0	1	0	1	0	1	1	1	0	0	1	0	1	0	0	1	1	1	0	1	1	0	1	0	0	0	0	0	1	1	1	1	0	0	1	1	1	1	1	1	1	1	1	1	0	0	1	0	1	1	1	0	1	1	1	1	1	1	1	1	1	1	1	1	1	1	1	1	0	0	1	0	1	1	1	1	1	1	1	0	0	0	1	1	1	0	1	1	1	1	1	1	1	0	1	0	0	0	1	1	1	1	1	1	0	1	0	1	1	1	1	0	1	1	0	1	1	1	1	1	0	1	1	1	0	0	1	1	1	1	1	0	0	1	0	1	1	1	0	1	1	0	0	0	0	1	0	1	1	0	1	1	0	1	1	1	0	0	1	1	1	0	1	0	1	1	1	0	0	0	1	0	0	0	1	0	0	1	1	0	0	1	0	1	1	0	1	1	1	1	0	0	1	0	1	0	0	1	1	0	0	1	0	1	0	1	1	1	0	0	1	1	0	1	0	1	0	1	1	1	0	1	0	0	1	1	1	1	0	1	0	1	1	1	1	1	1	1	0	0	0	1	0	0	1	0	0	1	0	0	0	0	0	1	0	0	1	1	1	1	1	1	0	0	1	1	1	1	0	0	1	0	0	0	0	1	0	1	1	1	1	1	1	0	1	1	1	1	1	1	1	0	0	0	0	1	0	1	1	1	0	0	0	1	1	1	1	1	1	1	1	0	1	1	1	1	0	1	1	1	0	0	0	0	0	0	0	1	1	0	1	0	1	0	1	1	1	0	1	0	1	1	1	1	1	1	1	1	1	0	0	1	1	1	0	0	1	0	1	1	1	0	1	1	0	1	1	0	1	1	0	0	0	0	0	0	0	0	0	1	0	1	1	0	1	1	0	1	1	0	0	1	0	0	0	1	1	0	1	0	1	1	0	0	1	1	0	1	1	0	1	0	0	1	1	1	1	1	1	1	1	0	0	0	1	0	0	1	0	1	1	0	1	1	1	1	1	1	1	0	0	1	0	1	0	1	1	1	1	1	0	0	0	1	0	0	0	0	0	0	1	1	1	1	1	0	1	0	1	0	1	1	1	0	1	1	1	1	1	0	0	0	0	0	0	0	0	1	1	0	1	1	0	0	1	0	1	1	1	1	0	0	0	0	0	1	1	0	1	0	0	0	0	0	1	1	1	0	0	1	0	1	1	1	0	0	0	1	1	0	0	1	1	1	0	1	1	1	1	1	0	0	1	0	0	0	1	1	1	1	0	1	1	1	1	1	1	0	0	0	0	1	1	1	1	0	0	1	0	1	1	0	1	1	1	0	0	1	1	0	0	0	0	0	1	1	0	1	0	0	0	1	1	1	1	1	0	0	0	1	1	1	0	0	0	1	1	0	1	1	1	0	0	1	1	0	1	1	1	0	1	0	0	1	1	0	0	1	1	1	1	0	1	0	0	1	0	0	0	0	0	1	0	0	0	0	0	1	1	1	1	0	1	1	1	1	0	1	1	1	0	1	0	0	1	0	0	0	1	1	0	0	0	1	1	0	1	0	0	1	0	1	0	1	1	0	1	1	1	0	0	1	1	1	1	0	0	1	1	1	0	0	1	0	0	1	1	1	1	1	1	1	0	0	1	0	0	1	0	0	1	1	1	0
TMD_PEN	1.0403682681297999e-5	0.09839490053511718	7.94304726439931e-4	0.8998269285691934	9.734624865680649e-4	623.1409	PEN_TMD	1	1	0	1	1	0	1	0	1	1	0	0	1	1	1	1	1	0	1	1	1	0	1	1	1	1	1	0	1	1	1	0	0	1	0	1	1	1	1	1	1	1	1	0	1	0	1	1	0	1	0	0	0	1	0	1	1	1	1	1	1	1	0	1	1	1	1	1	1	1	0	0	1	1	1	1	0	0	1	0	1	0	1	1	1	0	1	0	1	1	1	1	0	1	0	1	1	1	1	0	1	0	1	1	0	0	0	1	1	0	0	1	0	0	1	1	1	1	0	1	1	1	1	0	1	1	1	1	1	0	1	1	0	1	1	1	0	0	1	0	1	0	1	0	0	1	1	1	0	1	0	1	1	0	1	0	1	1	1	1	0	1	0	0	0	1	1	1	1	1	0	1	1	1	1	1	1	0	1	1	1	0	1	0	1	0	1	1	1	0	0	1	1	1	1	0	1	1	0	1	1	1	1	0	1	0	1	0	1	1	1	1	0	1	0	1	1	0	1	1	1	1	1	1	1	1	0	1	1	0	0	1	0	0	1	0	0	0	1	0	0	1	0	1	1	1	1	1	0	1	1	1	0	0	0	1	0	0	1	1	0	1	1	0	0	1	0	0	0	1	0	1	0	1	0	1	0	1	1	1	1	1	1	0	1	1	0	0	0	1	0	0	0	0	0	1	1	0	0	0	1	1	0	1	0	0	1	0	0	0	1	1	1	1	1	0	1	1	0	0	0	0	0	1	0	1	0	1	1	1	1	1	0	1	1	0	0	0	1	0	1	1	0	0	0	1	0	1	1	0	1	0	1	1	0	0	0	1	1	1	0	0	0	0	1	0	1	1	0	1	1	1	1	1	1	1	1	1	0	0	0	1	1	0	1	1	1	1	1	1	1	1	0	0	1	0	1	0	0	1	1	1	0	1	1	1	0	1	0	1	1	1	0	0	0	0	0	1	1	1	0	0	1	1	0	1	1	1	1	0	0	1	1	1	1	0	0	1	1	1	1	0	0	1	1	0	1	1	0	1	1	1	1	1	0	1	0	0	1	1	1	1	1	0	0	1	0	0	1	1	1	1	1	0	1	0	1	0	0	1	1	0	0	0	0	0	0	1	0	0	0	1	0	1	0	0	0	1	1	0	0	0	0	1	1	0	1	1	1	0	1	1	0	0	0	1	1	1	0	0	0	1	0	1	1	1	0	1	1	0	0	0	0	1	1	1	1	1	0	1	0	1	1	1	0	0	0	0	0	0	0	0	0	0	1	0	0	1	0	0	1	1	0	1	0	0	1	0	1	1	1	1	1	0	1	0	0	1	1	0	0	0	1	0	0	1	0	1	1	1	1	0	1	0	0	1	0	1	1	1	1	0	1	0	0	0	0	1	0	1	0	1	0	1	1	0	1	1	1	0	1	0	1	1	1	0	1	1	0	0	1	0	0	1	0	0	0	1	0	0	0	0	1	0	0	0	1	0	0	0	0	1	1	1	1	1	1	0	1	0	1	1	1	1	0	0	0	0	1	0	1	1	1	1	0	0	0	0	1	1	0	0	1	1	0	0	0	1	1	1	0	0	0	0	0	1	0	1	0	1	1	1	0	1	0	1	1	0	1	0	0	1	0	0	1	0	1	0	0	0	1	0	0	1	1	1	1	1	1	1	1	1	0	0	0	0	0	1	0	0	1	0	1	1	1	1	1	1	0	1	1	1	0	1	0	1	1	1	0	1	1	0	0	1	0	0	0	0	1	1	0	1	1	0	1	1	0	0	1	0	1	1	1	1	1	1	1	0	1	0	1	1	0	0	0	0	1	1	0	0	1	0	1	1	1	0	1	1	1	1	0	1	1	1	0	0	0	0	1	0	1	0	0	0	1	0	1	0	0	0	0	0	0	1	0	0	1	0	0	0	1	1	1	1	0	1	1	1	1	1	1	0	0	0	0	0	1	1	0	1	1	0	1	1	1	1	1	0	0	0	0	1	1	1	1	0	0	1	0	1	1	1	1	1	1	0	0	0	1	0	0	0	0	1	1	0	1	1	1	1	1	0	0	1	1	0	1	0	0	0	1	0	0	0	0	1	0	1	1	1	1	0	0	0	1	1	1	1	0	0	1	1	0	1	1	0	0	1	1	0	1	0	1	1	0	1	0	0	0	0	0	1	0	1	1	1	0	1	1	0	1	1	0	0	1	0	0	1	0	1	1	0	0	0	1	1	1	1	0	0	1	0	1	0	1	0	1	1	0	1	1	1	1	1	1	0	0	0	0	0	0	0	1	0	0	0	0	1	1	0	0	0	0	1	0	1	0	1	1	1	1	1	1	1	1	1	0	1	0	1	1	0	1	0
PEN	0.9864371656693546	0.0014355581059708692	0.003551109449997547	0.00853421491880597	4.195185587103793e-5	623.1412	PEN	1	1	1	0	1	0	1	0	1	1	1	1	1	1	1	1	1	1	1	1	1	1	0	1	1	1	1	1	1	1	1	0	0	1	0	1	1	1	0	1	1	1	1	0	1	1	1	1	0	1	0	1	1	1	0	1	1	1	1	1	1	1	0	1	1	1	1	0	1	1	1	0	1	1	1	1	0	0	1	0	1	0	1	1	1	1	1	0	1	1	1	1	0	1	0	1	1	1	1	1	0	1	1	1	0	0	0	0	1	0	0	1	1	0	1	1	1	1	0	1	1	0	1	1	1	1	1	1	1	1	1	1	1	1	1	1	1	1	1	0	1	0	1	0	1	1	1	1	1	0	0	1	0	1	1	1	1	1	1	1	0	1	0	0	0	1	1	1	1	0	0	1	1	1	1	1	1	1	1	1	1	0	1	1	1	1	1	1	1	1	0	0	1	1	1	0	1	1	0	1	1	1	1	0	1	0	1	1	1	1	1	0	0	1	0	1	1	0	1	1	1	0	1	1	1	0	0	1	1	0	0	1	0	0	1	0	0	0	0	1	1	1	1	1	1	1	1	1	0	1	1	0	0	0	0	1	1	1	1	1	0	1	1	0	0	1	0	1	0	0	0	1	0	1	0	1	1	1	1	1	1	0	1	0	0	1	0	1	0	1	0	1	0	0	0	1	0	1	0	0	1	1	0	1	0	0	0	0	0	0	0	1	0	1	0	1	1	1	0	0	1	0	1	0	0	1	1	1	0	1	1	0	1	0	0	0	0	0	1	1	1	1	0	0	0	1	1	1	1	1	1	1	0	1	0	0	1	0	1	1	0	0	0	1	1	1	1	1	1	1	1	1	1	1	1	1	1	1	0	0	1	0	1	0	1	1	1	1	1	0	0	0	1	1	1	0	1	1	1	1	1	1	0	0	1	0	0	0	1	1	1	1	0	1	0	0	0	1	1	1	1	0	1	1	0	1	1	1	1	1	0	1	1	1	0	0	0	1	1	1	1	0	0	1	0	0	1	1	0	1	1	0	0	0	0	1	0	1	1	0	1	1	0	1	1	1	0	0	1	1	1	0	1	0	1	0	1	0	0	0	1	0	0	0	1	0	0	1	1	0	0	1	0	1	1	0	1	1	1	1	0	0	1	0	1	0	0	1	1	0	0	1	0	1	0	1	1	1	1	0	1	1	0	1	0	1	0	1	1	1	0	1	0	0	1	1	1	1	0	1	0	1	1	1	0	0	0	0	0	0	0	1	0	0	1	0	0	1	0	0	0	0	0	1	0	0	1	1	1	1	1	1	0	0	1	1	1	1	0	0	1	0	0	0	0	1	0	1	1	1	1	1	1	0	1	1	1	1	1	1	1	0	0	0	0	1	0	1	0	1	0	0	0	1	1	1	1	1	1	1	1	0	1	1	1	0	0	1	0	1	0	0	0	0	0	0	0	1	1	0	1	0	1	0	1	1	1	0	1	0	1	1	1	1	1	1	1	1	1	0	0	1	1	1	0	0	0	0	1	1	1	0	1	1	0	1	0	0	1	0	0	0	0	1	0	0	0	0	0	1	0	1	1	0	1	1	0	1	1	0	0	1	0	0	0	0	1	0	1	0	1	1	0	0	1	1	1	1	1	0	1	0	0	1	1	1	1	1	1	1	0	1	0	0	1	0	0	1	0	1	1	0	1	0	1	1	1	1	1	0	0	1	0	1	0	1	1	1	0	1	0	0	0	1	0	0	0	0	0	0	1	1	1	1	1	0	1	0	1	0	1	1	1	0	1	1	1	1	1	0	0	0	0	1	0	0	0	1	1	0	1	1	0	0	1	0	1	1	1	1	0	0	0	0	0	1	1	0	1	0	0	0	0	0	1	1	1	0	0	1	0	1	1	1	0	0	0	1	1	0	0	1	1	1	0	1	1	1	1	1	0	0	1	0	0	0	1	1	0	1	0	0	1	1	1	1	1	0	0	0	0	1	1	1	1	0	0	1	0	1	1	0	1	1	1	0	0	1	1	0	0	0	0	0	1	1	0	1	0	0	0	0	1	1	1	1	0	0	0	1	1	1	0	0	0	1	1	0	1	1	1	0	0	1	1	0	1	1	1	0	1	0	0	1	1	0	0	1	1	1	1	0	1	0	0	1	0	0	0	0	0	1	0	1	0	0	0	1	1	1	1	0	1	1	1	1	0	1	1	1	0	1	0	0	1	0	0	0	1	1	0	0	0	0	1	0	1	0	0	1	0	1	0	1	1	0	1	1	1	0	0	1	1	1	1	0	0	1	1	1	0	0	1	0	0	1	1	1	1	1	1	1	0	0	1	0	0	1	0	0	1	1	1	0
TMD_MAC_PEN	0.006109883357908665	0.002560474395789539	0.6950677886695612	0.002147809726066971	0.2941140438506736	623.1421	TMD_PEN_MAC	1	1	1	0	1	0	1	0	1	1	1	1	1	1	1	1	1	1	1	1	1	1	0	1	1	1	1	1	1	1	1	0	0	1	0	1	1	1	0	1	1	1	1	0	1	1	1	1	0	1	0	1	1	1	0	1	1	1	1	1	1	1	0	1	1	1	1	0	1	1	1	0	1	1	1	1	0	0	1	0	1	0	1	1	1	1	1	0	1	1	1	1	0	1	1	1	1	1	1	1	0	1	1	1	0	0	1	0	1	0	0	1	1	0	1	1	1	1	0	1	1	0	1	1	1	1	1	1	1	1	1	1	1	1	1	1	1	1	1	0	1	0	1	0	1	1	1	1	1	0	0	1	0	1	0	1	1	1	1	1	0	1	0	0	0	1	1	1	1	0	0	1	1	1	1	1	1	1	1	1	1	1	1	1	1	1	1	1	1	1	0	0	1	1	1	0	1	1	0	1	1	1	1	0	1	0	1	1	1	1	1	0	0	1	0	1	1	0	1	1	1	0	1	1	1	0	0	1	1	0	0	1	0	0	1	0	0	0	0	1	1	1	1	1	1	1	1	1	0	1	1	0	0	0	0	1	1	1	1	1	0	1	1	0	0	1	0	1	0	0	0	1	0	1	0	1	1	1	1	1	1	0	1	1	0	1	1	1	0	1	0	1	0	1	1	1	0	1	0	0	1	1	0	1	0	0	0	0	1	0	0	1	0	1	0	1	1	1	0	0	1	0	1	0	0	1	1	1	0	1	1	0	1	0	0	0	0	0	1	1	1	1	0	0	1	1	1	1	1	1	1	1	1	1	0	0	1	0	1	1	1	0	1	1	1	1	1	1	1	1	1	1	1	1	1	1	1	1	0	0	1	0	1	1	1	1	1	1	1	0	0	0	1	1	1	0	1	1	1	1	1	1	1	0	1	0	0	0	1	1	1	1	1	1	0	1	0	1	1	1	1	0	1	1	0	1	1	1	1	1	0	1	1	1	0	0	1	1	1	1	1	0	0	1	0	1	1	1	0	1	1	0	0	0	0	1	0	1	1	0	1	1	0	1	1	1	0	0	1	1	1	0	1	0	1	1	1	0	0	0	1	0	0	0	1	0	0	1	1	0	0	1	0	1	1	0	1	1	1	1	0	0	1	0	1	0	0	1	1	0	0	1	0	1	0	1	1	1	1	0	1	1	0	1	0	1	0	1	1	1	0	1	0	0	1	1	1	1	0	1	0	1	1	1	1	1	1	1	0	0	0	1	0	0	1	0	0	1	0	0	0	0	0	1	0	0	1	1	1	1	1	1	0	0	1	1	1	1	0	0	1	0	0	0	0	1	0	1	1	1	1	1	1	0	1	1	1	1	1	1	1	0	0	0	0	1	0	1	1	1	0	0	0	1	1	1	1	1	1	1	1	0	1	1	1	1	0	1	1	1	0	0	0	0	0	0	0	1	1	0	1	0	1	0	1	1	1	0	1	0	1	1	1	1	1	1	1	1	1	0	0	1	1	1	0	0	1	0	1	1	1	0	1	1	0	1	1	0	1	1	0	0	0	1	0	0	0	0	0	1	0	1	1	0	1	1	0	1	1	0	0	1	0	0	0	1	1	0	1	0	1	1	0	0	1	1	1	1	1	0	1	0	0	1	1	1	1	1	1	1	1	1	0	0	1	0	0	1	0	1	1	0	1	1	1	1	1	1	1	0	0	1	0	1	0	1	1	1	1	1	0	0	0	1	0	0	0	0	0	0	1	1	1	1	1	0	1	0	1	0	1	1	1	0	1	1	1	1	1	0	0	0	0	1	0	0	0	1	1	0	1	1	0	0	1	0	1	1	1	1	0	0	0	0	0	1	1	0	1	0	0	0	0	0	1	1	1	0	0	1	0	1	1	1	0	0	0	1	1	0	0	1	1	1	0	1	1	1	1	1	0	0	1	0	0	0	1	1	1	1	0	1	1	1	1	1	1	0	0	0	0	1	1	1	1	0	0	1	0	1	1	0	1	1	1	0	0	1	1	0	0	0	0	0	1	1	0	1	0	0	0	1	1	1	1	1	0	0	0	1	1	1	0	0	0	1	1	0	1	1	1	0	0	1	1	0	1	1	1	0	1	0	0	1	1	0	0	1	1	1	1	0	1	0	0	1	0	0	0	0	0	1	0	1	0	0	0	1	1	1	1	0	1	1	1	1	0	1	1	1	0	1	0	0	1	0	0	0	1	1	0	0	0	1	1	0	1	0	0	1	0	1	0	1	1	0	1	1	1	0	0	1	1	1	1	0	0	1	1	1	0	0	1	0	0	1	1	1	1	1	1	1	0	0	1	0	0	1	0	0	1	0	1	0
PEN	0.9921185928490557	0.00599743737841401	6.970522693366007e-5	8.432348741717288e-4	9.710296714248595e-4	623.1422	PEN	1	1	1	1	1	0	1	0	1	1	1	1	1	1	1	1	1	1	1	1	0	1	0	1	1	1	1	1	1	0	1	0	0	1	0	1	1	1	0	1	1	1	1	0	1	1	1	1	0	1	0	1	1	1	0	1	1	1	1	1	1	1	0	1	1	1	1	0	1	1	1	0	1	1	1	1	0	0	1	0	1	0	1	1	1	1	1	0	0	1	1	1	0	1	0	1	1	1	1	1	0	1	1	1	0	0	0	0	1	0	0	1	0	0	1	1	1	0	0	1	1	0	1	1	1	1	1	1	1	1	1	1	1	1	1	1	1	1	1	0	1	0	1	0	0	1	1	1	1	0	0	1	0	1	1	1	1	1	1	1	0	1	0	0	0	1	1	1	1	1	0	1	0	1	1	1	1	1	1	1	1	0	1	1	1	1	1	1	1	1	0	0	1	1	1	0	1	1	0	0	1	1	1	0	1	0	1	1	1	1	0	0	0	1	0	1	1	0	1	1	1	0	1	1	1	0	0	1	1	0	0	1	0	0	1	0	0	0	0	1	0	1	1	1	1	0	1	1	0	1	0	0	0	0	0	1	1	1	1	1	0	1	1	0	0	1	0	1	0	0	0	1	0	1	0	1	1	1	1	1	1	0	1	0	0	1	0	1	0	1	0	0	0	0	0	1	0	1	0	0	1	1	0	1	0	0	1	0	0	0	0	1	0	1	0	1	1	1	0	0	1	0	1	0	0	1	0	1	1	1	0	0	0	0	1	0	0	0	0	1	1	1	0	0	0	1	1	1	1	1	1	1	1	1	0	0	1	0	1	1	0	0	0	1	1	1	1	1	1	1	1	1	1	1	1	1	1	1	0	0	1	0	1	0	1	1	1	1	1	0	0	0	1	1	1	0	1	1	1	1	1	1	0	0	1	0	0	0	1	1	1	1	0	1	0	0	0	1	1	1	1	0	1	1	0	1	1	1	1	1	0	1	1	1	0	0	0	1	1	1	1	0	0	1	0	0	1	1	0	1	1	0	0	0	0	1	0	1	1	0	1	1	0	1	1	1	0	0	1	1	1	0	1	0	1	0	1	0	0	0	1	0	0	0	1	0	0	0	1	0	0	1	0	1	1	0	1	1	1	1	0	0	1	0	1	0	0	1	1	0	0	1	0	1	0	1	1	1	1	0	1	1	0	1	0	1	0	1	1	0	0	1	0	0	1	1	1	1	0	1	0	1	1	1	0	0	0	0	0	0	0	1	0	0	1	0	0	1	0	0	0	0	0	1	0	0	1	1	1	1	1	0	0	0	1	1	1	1	0	0	1	0	0	0	0	1	0	1	1	1	1	1	1	0	1	1	1	1	1	1	1	0	0	0	0	1	0	1	0	1	0	1	0	1	1	1	1	1	1	1	1	0	1	1	1	0	0	1	0	1	0	0	0	0	0	0	0	1	1	0	1	0	1	0	1	1	1	1	1	0	1	1	1	1	1	1	0	1	1	0	1	0	1	1	0	0	0	0	1	1	1	0	1	1	0	1	0	0	1	0	0	0	0	1	0	0	0	0	0	1	0	0	0	0	1	1	0	1	1	1	0	1	0	1	0	0	1	0	1	0	1	1	0	0	1	1	1	1	1	0	1	0	0	1	1	1	1	1	1	1	1	1	0	0	1	0	1	0	0	1	1	0	1	0	1	1	1	1	0	0	1	1	0	1	0	1	1	1	0	0	1	0	0	1	0	0	0	0	0	0	1	1	1	1	1	0	1	0	1	1	1	1	1	1	1	1	1	1	1	1	0	0	0	0	0	0	0	1	1	0	1	1	0	0	1	0	1	1	1	1	0	0	0	1	0	1	1	0	1	0	0	0	0	0	1	1	1	0	0	1	0	0	1	1	0	0	0	1	1	0	0	1	1	1	0	1	1	1	0	1	1	0	0	0	0	0	1	1	0	1	0	0	1	0	1	1	1	0	0	0	0	1	1	1	1	0	0	1	0	1	1	1	1	1	1	0	0	0	1	0	0	0	0	0	1	1	0	1	0	1	0	0	1	1	1	1	0	0	0	1	1	1	0	0	0	1	1	0	1	1	1	0	0	1	1	0	1	1	1	0	1	1	0	1	1	0	0	1	1	1	1	1	1	0	0	0	0	0	0	0	0	1	1	1	0	1	0	1	1	0	1	0	1	1	1	0	0	1	1	1	1	0	0	0	0	0	0	0	1	1	0	0	1	0	1	0	1	0	0	1	0	1	1	1	1	0	1	1	1	0	0	1	1	1	1	0	0	1	1	1	0	0	1	0	0	1	0	1	1	1	1	1	0	0	1	0	0	1	0	0	1	0	1	0
TMD_MAC_PEN	5.640755290295652e-4	2.6021394222193613e-4	0.9933867863204718	1.982896949935821e-4	0.005590634513283116	623.1423	TMD_PEN_MAC	1	1	1	0	1	0	1	0	1	1	1	1	1	1	1	1	1	1	1	1	1	1	0	1	1	1	1	1	1	1	1	0	0	1	0	1	1	1	0	1	1	1	1	0	1	1	1	1	0	1	0	1	1	1	0	1	1	1	1	1	1	1	0	1	1	1	1	0	1	1	1	0	1	1	1	1	0	0	1	0	1	0	1	1	1	1	1	0	1	1	1	1	0	1	1	1	1	1	1	1	0	1	1	1	0	0	1	0	1	0	0	1	1	0	1	1	1	1	0	1	1	0	1	1	1	1	1	1	1	1	1	1	1	1	1	1	1	1	1	0	1	0	1	0	1	1	0	1	1	0	0	1	0	1	0	1	1	1	1	1	0	1	0	0	0	1	1	1	1	0	0	1	1	1	1	1	1	1	1	1	1	1	1	1	1	1	1	1	1	1	0	0	1	1	1	0	1	1	0	1	1	1	1	0	1	0	1	1	1	1	1	0	0	1	0	1	1	0	1	1	1	0	1	1	1	0	0	1	1	0	0	1	0	0	1	0	0	0	0	1	1	1	1	1	1	1	1	1	0	1	1	0	0	0	0	1	1	1	1	1	0	1	1	0	0	1	0	1	0	0	0	1	0	1	0	1	1	1	1	1	1	0	1	1	0	1	1	1	0	1	0	1	0	1	1	1	0	1	0	0	1	1	0	1	0	0	0	0	1	0	0	1	0	1	0	1	1	1	0	0	1	0	1	0	0	1	1	1	0	1	1	0	1	0	0	0	0	1	1	1	1	1	0	0	1	1	1	1	1	1	1	1	1	1	0	0	1	0	1	1	1	0	1	1	1	1	1	1	1	1	1	1	1	1	1	1	1	1	0	0	1	0	1	1	1	1	1	1	1	0	0	0	1	1	1	0	1	1	1	1	1	1	1	0	1	0	0	0	1	1	1	1	1	1	0	1	0	1	1	1	1	0	1	1	0	1	1	1	1	1	0	1	1	1	0	0	1	1	1	1	1	0	0	1	0	1	1	1	0	1	1	0	0	0	0	1	0	1	1	0	1	1	0	1	1	1	0	0	1	1	1	0	1	0	1	1	1	0	0	0	1	0	0	0	1	0	0	1	1	0	0	1	0	1	1	0	1	1	1	1	0	0	1	0	1	0	0	1	1	0	0	1	0	1	0	1	1	1	1	0	1	1	0	1	0	1	0	1	1	1	0	1	0	0	1	1	1	1	0	1	0	1	1	1	1	1	1	1	0	0	0	1	0	0	1	0	0	1	0	0	0	0	0	1	0	0	1	1	1	1	1	1	0	0	1	1	1	1	0	0	1	0	0	0	0	1	0	1	1	1	1	1	1	0	1	1	1	1	1	1	1	0	0	0	0	1	0	1	1	1	0	0	0	1	1	1	1	1	1	1	1	0	1	1	1	1	0	1	1	1	0	0	0	0	0	0	0	1	1	0	1	0	1	0	1	1	1	0	1	0	1	1	1	1	1	1	1	1	1	0	0	1	1	1	0	0	1	0	1	1	1	0	1	1	0	1	1	0	1	1	0	0	0	1	0	0	0	0	0	1	0	1	1	0	1	1	0	1	1	0	0	1	0	0	0	1	1	0	1	0	1	1	0	0	1	1	1	1	1	0	1	0	0	1	1	1	1	1	1	1	1	1	0	0	1	0	0	1	0	1	1	0	1	1	1	1	1	1	1	0	0	1	0	1	0	1	1	1	1	1	0	0	0	1	0	0	0	0	0	0	1	1	1	1	1	0	1	0	1	1	1	1	1	0	1	1	1	1	1	0	0	0	0	1	0	0	0	1	1	0	1	1	0	0	1	0	1	1	1	1	0	0	0	0	0	1	1	0	1	0	0	0	0	0	1	1	1	0	0	1	0	1	1	1	0	0	0	1	1	0	0	1	1	0	0	1	1	1	1	1	0	0	1	0	0	0	1	1	1	1	0	1	1	1	1	1	1	0	0	0	0	1	1	1	1	0	0	1	0	1	1	0	1	1	1	0	0	1	1	0	0	0	0	0	1	1	0	1	0	0	0	1	1	1	1	1	0	0	0	1	1	1	0	0	0	1	1	0	1	1	1	0	0	1	1	0	1	1	1	0	1	0	0	1	1	0	0	1	1	1	1	0	1	0	0	1	0	0	0	0	0	1	0	1	0	0	0	1	1	1	1	0	1	1	1	1	0	1	1	1	0	1	0	0	1	0	0	0	1	0	0	0	0	1	1	0	1	0	0	1	0	1	0	1	1	0	1	1	1	0	0	1	1	1	1	0	0	1	1	1	0	0	1	0	0	1	1	1	1	1	1	1	0	0	1	0	0	1	0	0	1	1	1	0
PEN_TMD	9.146083642750891e-6	0.7454338485903309	2.376501396230916e-4	0.2539679285210566	3.5142666534666443e-4	623.1429	PEN_TMD	1	1	1	1	1	0	1	0	1	1	0	0	1	1	1	1	1	1	1	1	1	0	1	1	1	1	1	0	1	1	1	0	1	1	0	1	1	1	1	1	1	1	1	0	1	0	1	1	0	1	0	0	1	1	0	1	1	1	1	1	1	1	0	1	1	1	1	1	1	1	0	0	1	1	1	1	0	0	0	0	1	0	1	1	1	1	1	0	1	1	1	1	0	1	0	1	1	1	1	1	0	0	1	1	0	0	0	1	1	0	0	1	0	0	1	1	1	1	0	1	1	1	0	0	1	0	1	1	1	0	1	1	0	1	1	1	0	0	1	1	1	0	1	0	0	1	1	1	0	1	0	0	1	0	1	0	1	1	1	1	0	1	1	0	0	1	1	1	1	0	0	1	1	1	1	1	1	1	1	1	1	1	1	0	1	0	0	1	1	0	0	1	1	1	1	0	1	1	0	1	0	1	1	0	1	0	1	1	1	1	1	1	0	1	0	1	1	1	1	1	1	1	1	1	1	1	0	1	1	0	1	1	0	0	0	0	1	0	1	1	0	1	0	1	1	1	0	1	0	1	1	0	0	0	1	1	0	1	1	0	0	1	1	0	0	0	0	1	1	0	0	0	0	1	0	0	1	1	1	1	1	1	1	1	1	1	1	0	0	1	0	0	0	0	1	0	1	0	0	0	1	1	0	1	0	0	1	0	0	0	1	1	1	1	1	1	1	1	0	0	0	0	1	1	0	1	0	1	1	1	1	1	0	1	1	0	0	0	1	1	0	1	0	0	0	1	1	1	1	0	1	0	1	1	0	0	1	1	1	1	0	0	0	1	1	0	1	1	1	1	1	1	1	1	1	1	1	1	0	0	0	1	1	1	1	1	1	1	1	1	1	1	0	1	1	0	1	1	1	1	1	1	0	0	1	0	0	0	1	1	1	1	0	0	0	0	0	1	1	1	0	0	1	1	1	1	1	1	1	0	0	1	1	1	0	0	1	1	1	1	1	0	1	1	1	0	1	1	0	1	1	1	0	0	1	1	0	0	1	0	1	1	0	0	0	1	0	0	1	1	1	1	1	0	1	0	1	1	1	1	1	1	0	0	0	0	1	1	0	0	0	1	0	1	1	1	1	1	1	0	0	1	0	1	1	0	0	1	1	0	0	1	0	0	0	1	1	1	0	0	0	1	0	1	0	1	0	1	1	0	0	1	0	1	1	1	1	1	0	1	0	1	1	1	0	0	0	0	0	0	0	1	0	0	1	1	0	1	1	0	1	0	0	0	0	0	0	1	1	1	1	1	1	0	1	0	0	0	0	0	0	0	0	0	1	1	0	1	1	1	1	1	1	0	0	1	1	1	1	1	1	0	0	0	0	1	0	1	0	1	0	1	0	1	0	0	1	1	1	0	1	0	1	1	1	0	1	1	0	0	1	0	0	0	0	0	0	1	0	0	1	0	1	0	0	0	1	0	0	0	0	1	1	1	1	1	1	0	1	0	1	1	1	1	0	0	0	0	1	0	1	0	1	1	0	1	0	0	1	1	0	0	1	1	0	0	0	1	1	1	0	0	0	0	0	1	0	1	0	1	1	1	1	0	1	1	1	0	1	0	0	1	0	0	1	0	1	0	1	0	1	0	0	1	1	0	0	1	1	1	1	1	0	1	1	0	0	1	1	0	1	0	1	1	1	1	1	1	0	1	1	1	0	1	0	1	1	0	0	0	1	0	0	1	1	0	0	0	1	1	0	1	1	1	1	1	1	0	1	0	0	1	1	1	1	1	0	0	1	0	0	1	0	0	0	0	1	1	1	0	1	0	1	1	1	1	1	1	1	1	0	1	1	1	0	0	1	0	1	0	1	0	0	0	1	0	1	0	0	1	0	0	0	1	0	0	0	1	0	0	0	1	1	1	0	1	1	1	1	1	1	0	0	0	0	1	0	0	0	1	1	0	1	1	1	1	1	0	0	0	0	1	1	1	1	1	0	1	0	1	1	1	1	1	1	0	0	0	1	0	0	0	1	0	1	0	1	1	1	1	0	1	0	1	1	0	0	0	1	0	1	0	0	0	0	0	1	0	1	1	1	1	1	0	1	1	1	1	1	0	1	1	0	1	1	0	0	1	1	0	1	0	1	0	0	1	0	0	0	0	0	1	0	0	0	0	0	1	1	0	1	0	1	1	1	0	0	1	0	1	1	0	0	0	1	1	0	0	0	1	0	1	1	1	1	0	1	1	0	1	0	0	1	1	1	0	1	1	1	0	0	1	1	1	0	1	1	1	1	0	0	0	0	1	0	1	0	1	1	1	1	1	0	0	1	1	0	1	0	1	0	0	1	0
TMD_PEN	4.516757119787954e-7	0.15308272506588658	0.0010570958277260891	0.8431496283413762	0.002710099089299238	623.1441	PEN_TMD	1	1	1	1	1	0	1	0	1	1	1	0	1	1	1	1	1	1	1	1	0	1	0	1	1	1	1	1	1	0	1	0	1	1	0	1	1	1	0	1	1	1	1	0	1	1	1	1	0	1	0	1	1	1	0	1	1	1	1	1	1	1	0	1	1	1	1	0	1	1	1	0	1	1	1	1	0	0	1	0	1	0	1	1	1	1	1	0	1	1	1	1	0	1	0	1	1	1	1	1	0	1	1	1	0	0	0	0	1	0	0	1	0	0	1	1	1	0	0	1	1	0	1	1	1	1	1	1	1	1	1	1	1	1	1	1	1	1	1	1	1	0	0	0	0	1	1	1	1	0	0	1	0	1	1	1	1	1	1	1	0	1	1	0	0	1	1	1	1	1	0	1	0	1	1	1	1	1	1	1	1	1	1	1	1	1	1	1	1	1	0	0	1	1	1	0	1	1	0	0	0	1	1	0	1	0	1	1	1	1	0	0	0	1	0	1	1	1	1	1	1	0	1	1	1	0	0	1	1	0	1	1	0	0	1	0	1	0	1	1	0	1	0	1	1	0	1	1	0	1	0	0	0	0	1	1	1	1	1	0	0	1	1	0	0	1	0	1	1	0	0	1	0	1	0	1	1	1	1	1	1	0	1	0	0	1	0	1	0	1	0	0	0	0	0	1	0	1	0	0	1	1	0	1	1	0	1	0	0	0	0	1	0	1	0	1	1	1	0	0	0	0	1	0	0	1	0	1	1	1	0	0	0	0	1	0	0	0	0	0	1	1	0	0	0	1	1	1	1	0	1	0	1	1	0	0	1	0	1	1	0	0	0	1	1	1	1	1	1	1	1	1	1	1	1	1	1	1	1	0	1	0	1	0	1	1	1	1	1	0	0	0	0	1	1	0	1	1	1	1	1	1	0	0	1	0	0	0	1	1	1	1	0	1	0	0	0	1	1	1	1	0	1	1	0	1	1	1	1	1	0	1	1	1	0	0	0	1	1	1	1	0	0	1	0	0	1	1	0	1	1	0	0	0	1	1	0	1	1	0	1	1	0	0	1	1	0	0	1	1	1	0	1	0	1	0	1	1	0	0	1	1	0	0	1	0	0	0	1	0	0	1	0	1	1	1	1	1	1	1	0	1	1	0	1	1	1	1	1	0	0	1	1	1	0	1	1	1	1	0	1	1	0	1	0	1	0	1	1	0	0	1	0	0	1	1	1	1	0	1	0	1	1	1	0	0	0	0	0	0	0	1	0	0	1	0	0	1	1	0	0	0	0	0	0	0	0	1	1	1	1	1	0	0	1	1	1	0	0	0	1	0	0	0	0	1	0	1	1	1	1	1	1	0	1	1	1	1	1	0	1	0	0	0	0	1	0	1	0	1	0	1	0	1	0	1	1	1	1	1	1	0	1	1	1	0	0	1	0	1	0	0	0	0	0	1	0	1	1	0	1	0	1	0	1	1	1	1	0	0	0	1	1	1	1	1	0	0	1	0	1	0	1	1	0	0	0	0	1	1	1	0	1	1	0	1	0	0	1	0	0	0	1	1	0	0	0	0	0	1	0	0	0	0	0	1	0	1	1	1	0	1	1	0	1	1	1	0	1	0	1	1	1	0	1	1	1	0	1	0	1	0	0	1	1	1	1	1	1	1	1	1	0	1	1	0	0	0	1	1	1	0	1	1	1	1	1	1	0	0	1	1	0	1	0	1	1	0	0	0	0	0	0	1	0	0	0	0	0	0	1	1	1	1	1	0	1	0	1	1	1	1	1	1	1	1	1	1	1	1	0	0	0	0	0	0	0	1	1	0	1	1	1	0	1	1	1	1	1	1	0	0	0	1	0	1	1	0	1	0	0	0	1	0	1	0	1	0	0	1	0	0	1	1	0	0	0	1	1	0	0	1	1	1	0	1	1	1	0	1	1	0	0	0	0	0	0	0	0	1	0	0	1	0	1	1	1	0	0	0	0	1	1	1	1	1	0	1	0	1	1	1	1	1	1	1	0	0	1	0	0	0	1	0	1	1	0	1	0	1	0	1	1	1	1	0	0	0	0	1	1	1	0	0	0	1	1	0	1	1	0	0	0	1	1	0	1	1	1	0	1	1	0	1	1	0	0	1	1	1	1	1	1	0	0	0	0	0	0	0	0	1	1	1	0	1	0	1	1	0	1	0	1	1	1	0	0	1	1	1	1	0	0	0	0	0	0	0	1	0	0	0	1	0	1	0	1	0	0	1	0	1	1	1	1	0	1	1	1	0	0	1	1	1	0	0	0	1	1	0	0	0	1	0	0	1	0	1	1	1	1	1	0	0	1	0	1	1	0	0	1	0	1	0
PEN	0.9517712889240464	8.516010009094567e-4	3.4626202994829744e-4	0.04428564314922543	0.002745204895870451	623.1444	PEN_TMD	0	1	1	1	1	0	1	0	1	1	1	1	1	1	1	1	1	1	0	1	0	1	0	1	1	1	0	1	1	0	1	0	0	1	0	1	1	1	0	1	1	1	0	0	1	1	1	1	0	1	0	1	1	0	0	1	1	1	1	1	1	0	0	1	1	1	1	0	1	1	1	0	1	0	0	1	0	0	1	0	1	0	1	1	1	1	1	0	0	1	1	1	0	1	0	1	1	1	1	1	0	1	0	1	0	0	0	0	1	0	0	0	0	0	1	1	1	0	0	1	1	0	1	1	1	1	1	1	1	1	1	1	1	1	1	1	1	1	1	0	1	0	1	0	0	1	1	0	1	0	0	1	0	1	1	1	1	1	1	1	0	0	0	0	0	0	1	1	1	1	0	1	0	1	1	1	1	1	1	1	1	0	1	1	1	1	1	1	1	1	0	0	1	1	1	0	0	1	0	0	1	1	1	0	1	0	1	1	1	1	0	0	0	1	0	1	1	0	1	1	1	0	1	1	1	0	0	1	1	0	0	1	0	0	1	0	0	0	0	0	0	1	1	1	1	0	1	1	0	0	0	0	0	0	0	1	1	1	1	1	0	1	1	0	0	1	0	1	0	0	0	1	0	1	0	1	1	1	1	1	1	0	1	0	0	1	0	1	0	1	0	0	0	0	0	1	0	1	0	0	1	1	0	1	0	0	1	0	0	0	0	0	0	1	0	1	1	0	0	0	1	0	1	0	0	1	0	1	1	1	0	0	0	0	1	0	0	0	0	1	1	1	0	0	0	0	1	1	1	1	1	1	1	1	0	0	1	0	1	1	0	0	0	1	1	1	1	1	1	0	1	1	1	1	1	1	0	1	1	0	1	0	1	0	1	1	1	1	1	0	0	0	1	1	1	0	1	1	1	1	1	1	0	0	0	0	0	0	1	0	1	1	0	0	0	0	0	1	1	1	1	0	1	1	0	0	1	1	1	1	0	0	1	1	0	0	0	1	0	1	1	0	0	1	0	0	1	1	0	1	0	0	0	0	0	1	0	1	1	0	1	1	0	1	1	1	0	0	1	0	1	0	0	0	1	0	1	0	0	0	1	0	0	0	1	0	0	0	1	0	0	1	0	1	1	0	1	1	1	1	0	0	1	0	1	1	1	0	0	0	0	1	0	1	0	1	1	1	1	0	1	0	0	1	0	1	0	1	1	0	0	1	0	0	1	1	0	0	0	0	0	0	1	1	0	0	0	0	0	0	0	1	0	0	1	0	0	1	0	0	0	0	0	1	0	0	1	1	1	0	1	1	0	0	1	1	1	1	0	0	1	0	0	0	0	1	0	1	0	1	1	0	1	0	1	1	0	1	0	1	1	0	0	0	0	1	0	0	0	1	0	0	0	1	1	1	1	1	1	1	1	0	1	1	1	0	0	1	0	1	0	0	0	0	0	1	0	0	1	0	1	0	1	0	1	1	1	0	1	0	1	1	1	1	1	1	0	1	1	0	0	0	1	1	0	0	0	0	1	1	1	0	1	1	0	1	0	0	0	0	0	0	0	1	0	0	0	0	0	1	0	0	0	0	0	1	0	1	1	0	0	1	0	0	0	0	0	0	1	0	1	1	1	0	1	1	1	1	1	0	1	0	0	1	1	1	1	1	1	0	1	1	0	0	1	0	0	0	0	1	1	0	0	0	1	1	1	1	0	0	1	1	0	0	0	1	1	1	0	0	1	0	0	1	0	0	0	0	0	0	1	1	1	1	1	0	1	0	1	0	1	1	1	1	1	1	1	1	1	0	0	0	0	0	0	0	0	1	1	0	1	1	1	0	1	0	1	1	1	1	0	0	0	1	0	1	1	0	1	0	0	0	1	0	1	1	1	0	0	1	0	0	1	0	0	0	0	0	1	0	0	1	1	1	0	1	1	1	0	1	1	0	0	0	0	0	1	1	0	1	0	0	1	0	1	1	1	0	0	0	0	0	1	1	1	0	0	0	0	1	0	0	0	1	0	1	0	0	1	0	0	0	0	0	1	1	0	1	0	0	0	0	1	1	1	1	0	0	0	1	1	1	0	0	0	1	1	0	1	1	1	0	0	0	1	0	1	1	1	0	1	1	0	1	0	0	0	0	0	1	0	1	1	0	0	0	0	0	0	0	0	0	0	1	0	1	0	1	1	0	0	0	1	1	0	0	0	0	1	1	0	0	0	0	0	0	0	0	1	0	0	0	1	0	1	0	1	0	0	1	0	1	0	1	0	0	1	1	1	0	0	1	1	1	1	0	0	1	1	1	0	0	1	0	0	1	0	0	1	1	1	1	0	0	0	0	1	0	0	0	1	0	1	0
TMD_MAC_PEN	0.0028247744014064003	9.172576429714052e-4	0.9694472491214964	0.015243047130149864	0.011567671703975916	623.1667	TMD_PEN_MAC	1	1	1	0	1	0	1	0	1	1	1	1	1	1	1	1	1	1	1	1	1	1	0	1	1	1	1	1	1	1	1	0	0	1	0	1	1	1	0	1	1	1	1	0	1	1	1	1	0	1	0	1	1	1	0	1	1	1	1	1	1	1	0	1	1	1	1	0	1	1	1	0	1	1	1	1	0	0	1	0	1	0	1	1	1	1	1	0	1	1	1	1	0	1	1	1	1	1	1	1	0	1	1	1	0	0	1	0	1	0	0	1	1	0	1	1	1	1	0	1	1	0	1	1	1	1	1	1	1	1	1	1	1	1	1	1	1	1	0	0	1	0	1	0	1	1	0	1	1	0	0	1	0	0	0	1	1	1	1	1	0	1	0	0	0	1	1	1	1	0	0	1	1	1	1	1	1	1	1	1	1	1	1	1	1	1	1	1	1	1	0	0	1	1	1	0	1	1	0	1	1	1	1	0	1	0	1	1	1	1	1	0	0	1	0	1	1	0	1	1	1	0	1	1	1	0	0	1	1	0	0	1	0	0	1	0	0	0	0	1	1	1	1	1	1	1	1	1	0	1	1	0	0	0	0	1	1	1	1	1	0	1	1	0	0	1	0	1	0	0	0	1	0	1	0	1	1	1	1	1	1	0	1	1	0	1	1	1	0	1	0	1	0	1	1	1	0	1	0	0	1	1	0	1	0	0	0	0	1	0	0	1	0	1	0	1	1	1	0	0	1	0	1	0	0	1	1	1	0	1	1	0	1	0	0	0	0	0	1	1	1	1	0	0	1	1	1	1	1	1	1	1	1	1	0	0	1	0	1	1	1	0	1	1	1	1	1	1	1	1	1	1	1	1	1	1	1	1	0	0	1	0	1	1	1	1	1	1	1	0	0	0	1	1	1	0	1	1	1	1	1	1	1	0	1	0	0	0	1	1	1	1	1	1	0	1	0	1	1	1	1	0	1	1	0	1	1	1	1	1	0	1	1	1	0	0	1	1	1	1	1	0	0	1	0	1	1	1	0	1	1	0	0	0	0	1	0	1	1	0	1	1	0	1	1	1	0	0	1	1	1	0	1	0	1	1	1	0	0	0	1	0	0	0	1	0	0	1	1	0	0	1	0	1	1	0	1	1	1	1	0	0	1	0	1	0	0	1	1	0	0	1	0	1	0	1	1	1	1	0	1	1	0	1	0	1	0	1	1	1	0	1	0	0	1	1	1	1	0	1	0	1	1	1	1	1	1	1	0	0	0	1	0	0	1	0	0	1	0	0	0	0	0	1	0	0	1	1	1	1	1	1	0	0	1	1	1	1	0	0	1	0	0	0	0	1	0	1	1	1	1	1	1	0	1	1	1	1	1	1	1	0	0	0	0	1	0	1	1	1	0	0	0	1	1	1	1	1	1	1	1	0	1	1	1	1	0	1	1	1	0	0	0	0	0	0	0	1	1	0	1	0	1	0	1	1	1	0	1	0	1	1	1	1	1	1	1	1	1	0	0	1	1	1	0	0	1	0	1	1	1	0	1	1	0	1	1	0	1	1	0	0	0	1	0	0	0	0	0	1	0	1	1	0	1	1	0	1	1	0	0	1	0	0	0	1	1	0	1	0	1	1	0	0	1	1	1	1	1	0	1	0	0	1	1	1	1	1	1	1	1	1	0	0	1	0	0	1	0	1	1	0	1	1	1	1	1	1	1	0	0	1	0	1	0	1	1	1	1	1	0	0	0	1	0	0	0	0	0	0	1	1	1	1	1	0	1	0	1	0	1	1	1	0	1	1	1	1	1	0	0	0	0	1	0	0	0	1	1	0	1	1	0	0	1	0	1	1	1	1	0	0	0	0	0	1	1	0	1	0	0	0	0	0	1	1	1	0	0	1	0	1	1	1	0	0	0	1	1	0	0	1	1	1	0	1	1	1	1	1	0	0	1	0	0	0	1	1	1	1	0	1	1	1	1	1	1	0	0	0	0	1	1	1	1	0	0	1	0	1	1	0	1	1	1	0	0	1	1	0	0	0	0	0	1	1	0	1	0	0	0	1	1	1	1	1	0	0	0	1	1	1	0	0	0	1	1	0	1	1	1	0	0	1	1	0	1	1	1	0	1	0	0	1	1	0	0	1	1	1	1	0	1	0	0	1	0	0	0	0	0	1	0	1	0	0	0	1	1	1	1	0	1	1	1	1	0	1	1	1	0	1	0	0	1	0	0	0	1	0	0	0	0	1	1	0	1	0	0	1	0	1	0	1	1	0	1	1	1	0	0	1	1	1	1	0	0	1	1	1	0	0	1	0	0	1	1	1	1	1	1	1	0	0	1	0	0	1	0	0	1	0	1	0
TMD_PEN_MAC	0.003941631264659661	0.0025818741646332576	0.02835819496390645	0.021269829940035397	0.9438484696667653	623.1668	TMD_PEN_MAC	1	1	1	0	1	0	1	0	1	1	1	1	1	1	1	1	1	1	1	1	1	1	0	1	1	1	1	1	1	1	1	0	0	1	0	1	1	1	0	1	1	1	1	0	1	1	1	1	0	1	0	1	1	1	0	1	1	1	1	1	1	1	0	1	1	1	1	0	1	1	1	0	1	1	1	1	0	0	1	0	1	0	1	1	1	1	1	0	1	1	1	1	0	1	1	1	1	1	1	1	0	1	1	1	0	0	1	0	1	0	0	1	1	0	1	1	1	1	0	1	1	0	1	1	1	1	1	1	1	1	1	1	1	1	1	1	1	1	0	0	1	0	1	0	1	1	0	1	1	0	0	1	0	0	0	1	1	1	1	1	0	1	0	0	0	1	1	1	1	0	0	1	1	1	1	1	1	1	1	1	1	1	1	1	1	1	1	1	1	1	0	0	1	1	1	0	1	1	0	1	1	1	1	0	1	0	1	1	1	1	1	0	0	1	0	1	1	0	1	1	1	0	1	1	1	0	0	1	1	0	0	1	0	0	1	0	0	0	0	1	1	1	1	1	1	1	1	1	0	1	1	0	0	0	0	1	1	1	1	1	0	1	1	0	0	1	0	1	0	0	0	1	0	1	0	1	1	1	1	1	1	0	1	1	0	1	1	1	0	1	0	1	0	1	1	1	0	1	0	0	1	1	0	1	0	0	0	0	1	0	0	1	0	1	0	1	1	1	0	0	1	0	1	0	0	1	1	1	0	1	1	0	1	0	0	0	0	1	1	1	1	1	0	0	1	1	1	1	1	1	1	1	1	1	0	0	1	0	1	1	1	0	1	1	1	1	1	1	1	1	1	1	1	1	1	1	1	1	0	0	1	0	1	1	1	1	1	1	1	0	0	0	1	1	1	0	1	1	1	1	1	1	1	0	1	0	0	0	1	1	1	1	1	1	0	1	0	1	1	1	1	0	1	1	0	1	1	1	1	1	0	1	1	1	0	0	1	1	1	1	1	0	0	1	0	1	1	1	0	1	1	0	0	0	0	1	0	1	1	0	1	1	0	1	1	1	0	0	1	1	1	0	1	0	1	1	1	0	0	0	1	0	0	0	1	0	0	1	1	0	0	1	0	1	1	0	1	1	1	1	0	0	1	0	1	0	0	1	1	0	0	1	0	1	0	1	1	1	1	0	1	1	0	1	0	1	0	1	1	1	0	1	0	0	1	1	1	1	0	1	0	1	1	1	1	1	1	1	0	0	0	1	0	0	1	0	0	1	0	0	0	0	0	1	0	0	1	1	1	1	1	1	0	0	1	1	1	1	0	0	1	0	0	0	0	1	0	1	1	1	1	1	1	0	1	1	1	1	1	1	1	0	0	0	0	1	0	1	1	1	0	0	0	1	1	1	1	1	1	1	1	0	1	1	1	1	0	1	1	1	0	0	0	0	0	0	0	1	1	0	1	0	1	0	1	1	1	0	1	0	1	1	1	1	1	1	1	1	1	0	0	1	1	1	0	0	1	0	1	1	1	0	1	1	0	1	1	0	1	1	0	0	0	1	0	0	0	0	0	1	0	1	1	0	1	1	0	1	0	0	0	1	0	0	0	1	1	0	1	0	1	1	0	0	1	1	1	1	1	0	1	0	0	1	1	1	1	1	1	1	1	1	0	0	1	0	0	1	0	1	1	0	1	1	1	1	1	1	1	0	0	1	0	1	0	1	1	1	1	1	0	0	0	1	0	0	0	0	0	0	1	1	1	1	1	0	1	0	1	1	1	1	1	0	1	1	1	1	1	0	0	0	0	1	0	0	0	1	1	0	1	1	0	0	1	0	1	1	1	1	0	0	0	0	0	1	1	0	1	0	0	0	0	0	1	1	1	0	0	1	0	1	1	1	0	0	0	1	1	0	0	1	1	1	0	1	1	1	1	1	0	0	1	0	0	0	1	1	1	1	0	1	1	1	1	1	1	0	0	0	0	1	1	1	1	0	0	1	0	1	1	0	1	1	1	0	0	1	1	0	0	0	0	0	1	1	0	1	0	0	0	1	1	1	1	1	0	0	0	1	1	1	0	0	0	1	1	0	1	1	1	0	0	1	1	0	1	1	1	0	1	0	0	1	1	0	0	1	1	1	1	0	1	0	0	1	0	0	0	0	0	1	0	1	0	0	0	1	1	1	1	0	1	1	1	1	0	1	1	1	0	1	0	0	1	0	0	0	1	1	0	0	0	1	1	0	1	0	0	1	0	1	0	1	1	0	1	1	1	0	0	1	1	1	1	0	0	1	1	1	0	0	1	0	0	1	1	1	1	1	1	1	0	0	1	0	0	1	0	0	1	0	1	0
PEN_TMD	0.0018047857165922985	0.9801184603301806	0.004310433942715599	0.011121421666633335	0.0026448983438781986	623.1671	TMD_PEN	1	1	1	1	0	0	1	0	1	1	1	1	1	1	1	1	1	1	1	1	0	1	0	1	1	1	1	0	1	0	0	0	0	1	1	1	1	1	0	1	1	1	1	0	1	0	1	0	0	1	0	1	1	1	1	1	1	1	1	1	0	1	0	1	1	1	0	0	1	1	0	0	1	1	1	1	0	0	1	0	1	0	1	1	1	1	1	0	1	1	1	1	0	1	1	1	1	1	0	1	0	1	1	1	0	0	0	0	1	0	0	1	0	0	1	1	1	1	0	1	1	0	1	0	0	1	1	1	1	0	1	1	0	0	1	1	0	0	0	0	1	0	1	0	0	0	1	1	1	0	0	1	0	0	1	0	1	1	1	1	0	1	0	0	0	0	1	1	1	0	0	1	0	1	1	1	1	1	0	1	1	1	1	1	1	1	1	1	1	0	1	0	1	1	1	0	1	1	0	1	1	1	1	0	1	0	0	1	0	1	1	1	0	1	0	1	1	0	1	1	0	0	1	1	1	1	0	1	1	1	0	1	0	0	1	0	0	0	1	1	1	1	1	1	1	0	1	0	0	1	0	0	1	0	0	1	1	1	1	1	0	1	1	0	0	1	0	1	0	0	0	1	0	1	0	1	0	1	1	1	1	0	0	1	0	0	1	1	0	1	0	1	0	1	1	1	0	1	0	0	1	1	0	1	0	0	1	0	1	0	1	1	1	1	0	0	1	1	0	0	1	0	1	0	0	1	1	1	1	1	0	1	1	1	1	0	0	0	1	1	1	1	0	0	1	1	1	1	1	1	1	1	1	1	0	0	1	0	0	1	1	0	0	1	1	1	0	0	1	1	1	1	1	1	0	1	1	1	0	0	0	0	1	1	1	1	1	1	1	0	1	1	1	1	1	0	1	1	1	0	1	1	1	0	1	0	0	0	1	1	1	1	1	1	0	1	0	1	1	1	1	0	1	1	0	1	1	1	1	1	0	1	1	0	0	1	1	1	1	1	1	0	0	1	0	1	1	1	0	1	1	1	0	0	0	1	0	0	1	0	1	0	0	1	1	1	0	0	1	1	1	0	1	0	1	1	1	0	0	1	1	0	0	0	0	0	0	0	1	0	0	1	1	1	1	0	1	1	1	1	0	0	1	0	1	0	0	1	1	0	0	1	0	0	0	1	1	1	1	0	0	1	1	0	0	1	0	1	1	0	0	1	0	0	0	1	1	1	0	1	0	1	1	1	1	1	1	1	0	0	0	1	0	0	0	0	0	0	0	0	0	0	0	1	0	1	1	1	1	1	1	1	1	0	1	1	1	1	0	1	1	0	0	0	0	1	0	1	1	1	1	1	1	0	1	1	1	1	1	1	1	0	0	0	0	1	0	1	1	1	1	0	0	1	1	1	0	1	1	1	1	0	1	1	1	1	0	1	1	0	0	0	0	0	1	0	0	1	1	0	1	0	0	0	0	0	1	0	1	0	1	1	1	1	1	1	0	1	1	0	0	1	1	1	0	0	1	0	0	1	1	0	1	1	0	1	1	1	1	1	0	0	0	0	0	0	0	1	0	1	1	0	0	0	1	1	0	1	0	0	0	1	0	1	0	1	1	0	1	0	1	1	1	0	1	1	1	1	1	0	0	0	0	1	1	1	1	1	1	1	1	1	0	0	1	0	0	1	0	1	1	0	1	1	1	1	1	1	1	0	1	0	0	1	0	1	1	1	1	0	0	0	0	1	0	0	0	0	1	0	1	1	1	1	1	0	1	0	1	1	1	1	1	0	1	1	1	1	1	0	0	0	0	0	0	0	0	1	1	0	1	1	1	1	0	0	1	1	1	1	0	1	1	0	0	1	1	0	1	0	0	0	0	0	1	1	1	0	0	1	1	0	0	1	0	0	0	1	1	0	0	1	1	1	0	1	1	1	1	1	1	0	0	0	0	0	1	1	1	1	0	1	1	0	1	0	1	0	0	0	0	1	1	1	1	0	0	1	0	1	1	0	1	1	1	0	0	0	1	0	0	0	0	0	1	1	1	1	0	0	0	1	1	1	0	1	0	0	0	1	1	0	0	0	0	1	0	0	0	1	1	0	0	1	1	0	1	1	1	0	1	0	0	1	1	0	0	1	1	1	1	0	1	0	0	0	0	0	0	0	0	1	0	0	0	0	1	1	1	1	1	0	1	1	1	0	0	1	1	1	0	1	0	0	1	0	0	0	1	1	0	1	1	1	1	0	1	0	0	1	0	1	0	0	1	0	1	1	1	0	1	1	1	1	1	0	0	1	1	1	0	1	1	0	0	1	1	1	0	1	1	0	0	0	1	0	1	1	0	0	1	1	1	0
PEN_TMD	0.0027850133146319982	0.7024200569083398	0.2927380755366292	9.790168378009873e-4	0.0010778374025980453	623.1693	TMD_PEN	1	1	1	0	1	0	1	0	1	1	1	1	1	1	1	1	1	1	1	1	1	1	0	1	1	1	1	1	1	1	1	0	0	1	0	1	1	1	0	1	1	1	1	0	1	1	1	1	0	1	0	1	1	1	0	1	1	1	1	1	1	1	0	1	1	1	1	0	1	1	1	0	1	1	1	1	0	0	1	0	1	0	1	1	1	1	1	0	1	1	1	1	0	1	1	1	1	1	1	1	0	1	0	1	0	0	1	0	1	0	0	1	1	0	1	1	1	1	0	1	1	0	1	1	1	1	1	1	1	1	1	1	1	1	1	1	1	1	1	0	1	0	1	0	1	1	0	1	1	0	0	1	0	1	0	1	1	1	1	1	0	1	0	0	0	1	1	1	1	0	0	1	1	1	1	1	1	1	1	1	1	1	1	1	1	1	1	1	1	1	0	0	1	1	1	0	1	1	0	1	1	1	1	0	1	0	1	1	1	1	1	0	0	1	0	1	1	0	1	1	1	0	1	1	1	0	0	1	1	0	0	1	0	0	1	0	0	0	0	1	1	1	1	1	1	1	1	1	0	1	1	0	0	0	0	1	1	1	1	1	0	1	1	0	0	1	0	1	0	0	0	1	0	1	0	1	1	1	1	1	1	0	1	1	0	1	1	1	0	1	0	1	0	1	1	1	0	1	0	0	1	1	0	1	0	0	0	0	1	0	0	1	0	1	0	1	1	1	0	0	1	0	1	0	0	1	1	1	0	1	1	0	1	0	0	0	0	0	1	1	1	1	0	0	1	1	1	1	1	1	1	1	1	1	0	0	1	0	1	1	1	0	1	1	1	1	1	1	1	1	1	1	1	1	1	1	1	1	0	0	1	0	1	1	1	1	1	1	1	0	0	0	1	1	1	0	1	1	1	1	1	1	1	0	1	0	0	0	1	1	1	1	1	1	0	1	0	1	1	1	1	0	1	1	0	1	1	1	1	1	0	0	1	1	0	0	1	1	1	1	1	0	0	1	0	1	1	1	0	1	1	0	0	0	0	1	0	1	1	0	1	1	0	1	1	1	0	0	1	1	1	0	1	0	1	1	1	0	0	0	1	0	0	0	1	0	0	1	1	0	0	1	0	1	1	0	1	1	1	1	0	0	1	0	1	0	0	1	1	0	0	1	0	1	0	1	1	1	1	0	1	1	0	1	0	1	0	1	1	1	0	1	0	0	1	1	1	1	0	1	0	1	1	1	1	1	1	1	0	0	0	1	0	0	1	0	0	1	0	0	0	0	0	1	0	0	1	1	1	1	1	1	0	0	1	1	1	1	0	0	1	0	0	0	0	1	0	1	1	1	1	1	1	0	1	1	1	1	1	1	1	0	0	0	0	1	0	1	1	1	0	0	0	1	1	1	1	1	1	1	1	0	1	1	1	1	0	1	1	1	0	0	0	0	0	0	0	1	1	0	1	0	1	0	1	1	1	0	1	0	1	1	1	1	1	1	1	1	1	0	0	1	1	1	0	0	1	0	1	1	1	0	1	1	0	1	1	0	1	1	0	0	0	1	0	0	0	0	0	1	0	1	1	0	1	1	0	1	1	0	0	1	0	0	0	1	1	0	1	0	1	1	0	0	1	1	1	1	1	0	1	0	0	1	1	1	1	1	1	1	1	1	0	0	1	0	0	1	0	1	1	0	1	1	1	1	1	1	1	0	0	1	0	1	0	1	1	1	1	1	0	0	0	1	0	0	0	0	0	0	1	1	1	1	1	0	1	0	1	1	1	1	1	0	1	1	1	1	1	0	0	0	0	1	0	0	0	1	1	0	1	1	0	0	1	0	1	1	1	1	0	0	0	0	0	1	1	0	1	0	0	0	0	0	1	1	1	0	0	1	0	1	1	1	0	0	0	1	1	0	0	1	1	1	0	1	1	1	1	1	0	0	1	0	0	0	1	1	1	1	0	1	1	1	1	1	1	0	0	0	0	1	1	1	1	0	0	1	0	1	1	0	1	1	1	0	0	1	1	0	0	0	0	0	1	1	0	1	0	0	0	1	1	1	1	1	0	0	0	1	1	1	0	0	0	1	1	0	1	1	1	0	0	1	1	0	1	1	1	0	1	0	0	1	1	0	0	1	1	1	1	0	1	0	0	1	0	0	0	0	0	1	0	1	0	0	0	1	1	1	1	0	1	1	1	1	0	1	1	1	0	1	0	0	1	0	0	0	1	0	0	0	1	1	1	0	1	0	0	1	0	1	0	1	1	0	1	1	1	0	0	1	1	1	1	0	0	1	1	1	0	0	1	0	0	1	1	1	1	1	1	1	0	0	1	0	0	1	0	0	1	1	1	0
TMD_PEN_MAC	0.001737631202491179	7.20391326743495e-4	0.022528703159870055	6.108301874858461e-4	0.9744024441234094	623.1723	TMD_MAC_PEN	1	1	1	0	1	0	1	0	1	1	1	1	1	1	1	1	1	1	1	1	1	1	0	0	1	1	1	1	1	1	1	0	0	1	0	1	0	1	0	1	1	1	1	0	1	1	0	1	0	1	0	1	1	1	0	1	1	1	1	0	1	1	0	1	1	1	1	0	1	1	1	0	1	1	1	0	0	0	1	0	1	0	1	0	0	1	1	0	1	1	1	1	0	1	1	1	1	1	1	1	0	1	1	0	0	0	1	0	1	0	0	1	1	0	1	1	1	1	0	1	1	0	1	1	1	1	1	1	1	1	0	1	0	1	1	1	1	0	1	0	1	0	1	0	1	1	0	1	1	0	0	1	0	1	0	1	0	0	1	1	0	1	0	0	0	1	1	1	1	0	0	0	1	1	1	1	1	1	1	0	0	1	1	1	1	0	1	1	0	0	0	0	1	1	1	0	1	1	0	1	1	1	1	0	1	0	1	1	1	1	1	0	0	1	0	1	0	0	1	1	1	0	1	1	1	0	0	0	1	0	0	1	0	0	1	0	0	0	0	0	1	1	1	1	1	1	1	1	0	1	1	0	0	0	0	1	1	1	1	1	0	1	1	0	0	1	0	1	0	0	0	1	0	1	0	1	0	1	1	1	1	0	1	1	0	1	1	1	0	1	0	1	0	1	1	1	0	1	0	0	1	1	0	1	0	0	0	0	1	0	0	1	0	1	0	0	1	1	0	0	1	0	1	0	0	1	1	0	0	1	1	0	1	0	0	0	0	1	1	1	1	1	0	0	1	1	1	1	1	1	1	1	1	1	0	0	1	0	1	1	1	0	1	1	0	1	1	1	1	1	1	1	0	1	1	1	1	1	0	0	0	0	1	1	1	1	1	1	1	0	0	0	1	1	1	0	1	1	1	1	1	1	1	0	1	0	0	0	1	1	1	1	1	1	0	1	0	1	1	1	1	0	1	0	0	1	0	1	1	1	0	1	1	1	0	0	1	1	1	0	1	0	0	1	0	1	0	1	0	1	1	0	0	0	0	1	0	0	1	0	1	1	0	1	1	1	0	0	0	1	1	0	1	0	1	1	1	0	0	0	0	0	0	0	0	0	0	1	1	0	0	1	0	1	1	0	1	0	0	1	0	0	1	0	0	0	0	1	1	0	0	1	0	1	0	1	1	1	1	0	1	1	0	1	0	0	0	1	1	1	0	1	0	0	1	1	1	1	0	1	0	1	1	1	1	1	1	1	0	0	0	1	0	0	1	0	0	1	0	0	0	0	0	1	0	0	1	1	0	1	1	1	0	0	1	1	1	1	0	0	1	0	0	0	0	1	0	0	1	1	1	0	1	0	1	0	0	1	1	1	0	0	0	0	0	1	0	1	1	1	0	0	0	1	1	1	1	1	1	1	1	0	0	1	0	1	0	1	1	1	0	0	0	0	0	0	0	1	1	0	1	0	1	0	1	1	1	0	1	0	1	0	1	1	0	1	1	1	1	0	0	1	0	1	0	0	1	0	0	1	1	0	1	0	0	1	1	0	1	1	0	0	0	1	0	0	0	0	0	1	0	1	1	0	1	1	0	1	0	0	0	1	0	0	0	1	1	0	1	0	1	1	0	0	1	1	1	1	1	0	1	0	0	1	1	1	1	1	0	1	1	1	0	0	1	0	0	1	0	1	1	0	1	1	0	1	1	0	1	0	0	1	0	1	0	1	1	1	1	1	0	0	0	1	0	0	0	0	0	0	1	1	1	1	1	0	1	0	1	1	1	1	1	0	1	1	1	1	1	0	0	0	0	1	0	0	0	1	1	0	1	0	0	0	1	0	1	1	1	1	0	0	0	0	0	1	1	0	1	0	0	0	0	0	1	1	1	0	0	1	0	1	1	1	0	0	0	0	1	0	0	1	1	1	0	1	0	0	1	0	0	0	1	0	0	0	1	1	1	1	0	1	1	1	1	1	0	0	0	0	0	1	1	1	0	0	0	1	0	0	1	0	1	1	1	0	0	1	0	0	0	0	0	0	0	1	0	1	0	0	0	1	1	1	1	1	0	0	0	1	1	1	0	0	0	1	0	0	1	1	1	0	0	1	1	0	0	1	1	0	1	0	0	1	1	0	0	1	1	1	1	0	1	0	0	1	0	0	0	0	0	1	0	1	0	0	0	1	1	1	1	0	1	1	1	1	0	1	1	1	0	1	0	0	1	0	0	0	1	0	0	0	1	1	1	0	0	0	0	1	0	1	0	1	1	0	1	1	1	0	0	1	1	1	1	0	0	0	1	1	0	0	1	0	0	1	1	1	1	1	0	1	0	0	1	0	0	1	0	0	1	0	0	0
PEN	0.9983708520098368	2.0173526111920873e-4	7.92148435406307e-6	9.885850284423574e-4	4.3090621624758386e-4	623.1727	PEN	1	1	1	1	0	0	1	0	1	1	1	1	1	1	1	1	1	1	1	1	0	1	0	0	1	1	1	1	1	0	0	0	1	1	0	1	1	1	0	1	1	1	1	0	0	1	1	0	0	1	0	1	1	1	1	1	1	1	1	1	0	1	0	1	1	1	0	0	1	1	0	0	1	1	1	1	0	0	1	0	1	0	1	1	1	1	1	0	1	1	1	1	0	1	0	1	1	1	0	1	0	1	1	1	0	0	0	0	1	0	0	1	0	0	1	1	1	1	0	1	1	0	1	0	0	1	0	1	1	1	1	1	0	0	1	1	0	0	0	0	1	0	1	0	0	0	1	1	1	0	0	1	0	1	1	1	1	1	1	1	0	1	0	0	0	0	1	1	1	0	0	1	0	1	1	1	1	1	0	1	1	0	1	1	0	1	1	1	1	0	1	0	1	1	1	0	1	1	0	1	0	1	1	0	1	0	0	1	0	1	1	1	0	1	0	1	1	0	1	1	0	0	1	1	1	0	0	0	1	1	0	1	0	0	1	0	0	0	0	1	1	1	1	1	1	1	1	0	0	1	1	0	1	0	0	1	1	1	1	1	0	1	1	0	0	1	0	1	0	0	0	1	0	1	0	1	0	1	1	1	1	0	0	0	0	0	0	1	0	1	0	1	0	0	0	1	0	1	0	0	1	1	0	1	0	0	1	0	0	0	1	1	1	1	0	0	1	1	0	0	1	0	1	0	0	1	1	1	1	1	0	1	0	1	1	0	0	0	1	1	1	1	0	0	0	1	1	1	1	1	1	1	1	1	0	0	1	0	0	1	0	0	0	1	0	1	0	0	1	1	1	1	1	1	0	1	1	1	0	0	0	0	1	0	1	1	1	1	1	0	1	1	1	1	1	0	1	1	1	0	1	1	0	0	1	0	0	0	1	1	1	1	0	1	0	0	0	1	1	1	1	0	1	1	0	1	1	1	1	1	0	1	1	0	0	1	0	1	1	1	1	0	0	1	0	0	1	1	0	1	1	1	0	0	0	1	0	0	1	0	1	0	0	1	1	1	0	0	0	1	1	0	1	0	1	0	1	0	0	1	1	0	0	0	1	0	0	0	1	0	0	1	0	1	1	0	1	1	1	1	0	0	1	0	1	0	0	1	1	0	0	1	0	0	0	1	1	1	1	0	0	1	1	0	0	1	0	1	1	0	0	1	0	0	0	1	1	1	0	1	0	1	1	1	0	0	0	0	0	0	0	1	0	0	0	0	0	0	0	0	0	0	0	1	0	1	1	1	1	1	1	1	0	0	1	1	1	1	0	0	1	0	0	0	0	1	0	1	1	1	1	1	1	0	1	1	1	1	1	1	1	0	0	0	0	1	0	1	0	1	1	0	0	1	1	1	0	1	1	0	1	0	1	1	1	0	0	1	0	0	0	0	0	0	1	0	0	1	1	0	1	0	0	0	0	0	1	0	1	0	1	1	1	1	1	1	0	1	1	0	0	1	0	1	0	0	0	0	0	1	1	0	1	1	0	1	0	1	1	0	0	0	0	0	0	0	0	1	0	1	1	0	0	0	1	1	0	1	0	0	0	1	0	0	0	0	1	0	1	0	1	1	1	0	1	1	1	1	1	0	0	0	0	1	1	1	1	1	1	1	1	1	0	0	1	0	0	1	0	1	1	0	1	0	1	1	1	1	1	0	1	0	0	1	0	1	1	1	0	0	0	0	0	1	0	0	0	0	1	0	1	1	1	1	1	0	1	0	1	1	1	1	1	0	1	1	1	1	1	0	0	0	0	0	0	0	0	1	1	0	1	1	1	1	0	0	1	1	1	1	0	1	1	0	0	1	1	0	1	0	0	0	0	0	1	1	1	0	0	1	1	0	0	1	0	0	0	1	1	0	0	1	1	1	0	1	1	1	1	1	1	0	0	0	0	0	1	1	0	1	0	0	1	0	1	0	1	0	0	0	0	1	1	1	1	0	0	1	0	1	1	0	1	1	1	0	0	0	1	0	0	0	0	0	1	1	1	1	0	0	0	0	1	1	0	1	0	0	0	1	0	1	0	0	0	1	0	0	0	1	1	0	0	1	1	0	0	1	1	0	1	0	1	1	1	0	0	1	1	1	1	0	1	0	0	0	0	0	0	0	0	0	0	0	0	0	1	1	1	1	1	0	1	1	1	1	0	1	1	1	0	0	0	0	1	0	0	0	1	0	0	0	1	0	1	0	1	0	1	1	0	1	0	0	1	0	1	1	1	0	1	1	1	1	1	0	0	1	1	1	0	1	1	0	0	1	1	1	0	1	1	0	0	0	1	0	1	1	0	0	1	1	1	0
PEN_TMD	2.697838187950349e-5	0.9880079927883431	7.408335569723446e-5	0.011766370258724953	1.2457521535517624e-4	623.1741	PEN_TMD	1	1	1	0	1	0	1	0	1	1	1	1	1	1	1	1	1	1	1	1	1	1	0	1	1	1	1	1	1	1	1	0	0	1	0	1	1	1	0	1	1	1	1	0	1	1	1	1	0	1	0	1	1	1	0	1	1	1	1	1	1	1	0	1	1	1	1	0	1	1	1	0	1	1	1	1	0	0	1	0	1	0	1	1	1	1	1	0	1	1	1	1	0	1	0	1	1	1	1	1	0	1	1	1	0	0	0	0	1	0	0	1	0	0	1	1	1	1	0	1	1	0	1	1	1	1	1	1	1	1	1	1	1	1	1	1	1	1	0	0	1	0	1	0	1	1	0	1	1	0	0	1	0	0	0	1	1	1	1	1	0	1	0	0	0	1	1	1	1	0	0	1	1	1	1	1	1	0	1	1	1	0	1	1	1	1	1	1	1	1	0	0	1	1	1	0	1	1	0	1	1	1	1	0	1	0	1	1	1	1	1	0	0	1	0	1	1	0	1	1	1	0	1	1	1	0	0	1	1	0	0	1	0	1	1	1	0	0	1	1	1	1	0	1	1	1	1	1	0	1	1	0	0	0	0	1	1	1	1	1	1	1	1	0	0	1	1	1	0	0	0	1	1	1	0	1	1	1	1	1	1	0	1	0	0	1	0	1	0	1	0	1	1	0	0	1	0	1	0	0	1	1	0	1	0	0	0	0	0	1	0	1	0	1	0	1	1	1	1	1	1	0	1	0	1	1	1	1	0	1	1	0	0	0	0	0	0	1	1	1	1	1	0	0	0	1	1	1	1	1	1	1	1	1	0	0	1	0	1	1	0	0	0	1	1	1	1	1	1	1	1	1	1	1	1	1	1	1	0	0	1	0	1	0	1	1	1	1	1	0	0	0	1	1	1	0	1	1	1	1	1	1	0	0	1	0	1	0	1	1	1	1	0	1	0	0	1	1	1	1	1	0	1	1	0	1	1	1	1	1	0	1	1	1	0	0	0	1	1	1	1	0	0	1	0	0	1	1	0	1	1	0	0	0	0	1	0	1	1	1	1	1	0	0	1	1	0	0	1	1	1	0	1	0	1	0	1	0	0	0	1	0	0	0	0	0	0	1	1	0	0	1	0	1	1	0	1	1	1	1	0	0	1	0	1	1	1	1	1	0	0	1	1	1	0	1	1	1	1	0	1	1	0	1	0	1	0	1	1	1	0	1	0	0	1	1	1	1	0	1	0	1	1	1	0	0	0	0	1	0	0	1	0	0	1	0	0	1	1	0	0	0	0	1	0	0	1	1	1	1	1	1	0	0	1	1	1	1	0	0	1	0	0	0	0	1	0	1	1	1	1	1	1	1	1	1	1	1	1	0	1	1	0	0	0	1	0	1	0	1	0	0	0	1	1	1	1	1	1	1	1	0	1	1	1	0	0	1	0	1	0	0	0	0	0	1	0	1	0	0	1	0	1	0	1	1	1	0	1	0	1	1	1	1	1	1	1	1	1	0	0	1	1	1	0	0	0	0	1	1	1	0	1	1	0	1	0	1	1	0	0	0	0	1	0	0	0	0	0	1	0	1	1	0	1	1	0	1	1	0	0	1	0	0	0	0	1	0	1	0	1	1	1	0	1	1	1	0	1	0	1	0	0	1	1	1	1	1	1	1	1	1	0	0	1	0	0	1	0	1	1	0	1	0	1	1	1	1	0	0	0	1	0	1	0	1	1	1	0	1	0	0	0	1	0	0	0	0	0	0	1	1	1	1	1	0	1	0	1	0	1	1	1	0	1	1	1	1	1	0	0	0	0	1	0	0	0	1	1	0	1	1	0	0	1	0	1	1	1	1	0	0	0	0	0	1	1	0	1	0	0	0	0	0	1	0	1	0	0	1	0	1	1	1	0	0	0	1	1	0	0	1	1	1	0	1	1	1	1	1	0	0	1	0	1	0	1	1	0	1	0	0	1	1	1	1	1	0	0	0	0	1	1	1	1	0	0	1	0	1	1	0	1	1	1	0	0	1	1	1	0	0	0	0	1	1	0	1	0	0	0	0	1	1	1	1	0	0	0	1	1	1	0	0	0	1	1	0	1	1	1	0	0	1	1	0	1	1	1	0	1	0	0	1	1	0	0	1	1	1	1	0	1	0	0	1	0	0	0	0	0	1	0	1	0	0	0	1	1	1	1	0	1	1	1	0	0	1	1	1	0	0	0	1	1	0	0	0	1	0	0	0	0	0	1	0	1	0	0	1	1	1	0	1	1	0	1	1	1	1	0	1	1	1	1	0	0	1	1	1	0	0	1	0	0	1	1	1	1	1	1	1	1	1	1	0	0	1	0	0	0	0	1	0
TMD_PEN	3.938148087360107e-4	3.2638642719543545e-4	3.7950937681978387e-6	0.999240136580835	3.586708946537868e-5	623.1747	TMD_PEN	1	1	1	1	0	0	1	0	1	1	1	1	1	1	1	1	0	1	1	1	0	1	0	1	1	1	1	1	1	0	0	0	0	1	0	1	1	0	0	1	1	1	1	0	1	1	1	0	0	1	0	1	1	1	1	1	1	1	1	1	0	1	0	1	1	1	0	0	1	1	0	0	1	1	1	1	0	0	1	0	1	0	1	1	1	1	1	1	1	1	1	1	0	1	0	1	1	1	0	1	0	1	1	1	0	0	0	0	1	0	0	1	0	0	1	1	1	1	0	1	1	0	1	0	0	1	1	1	1	1	1	1	0	0	1	1	0	0	0	0	1	0	1	0	0	0	1	1	1	0	0	1	1	0	1	1	1	1	1	1	0	1	0	0	0	1	1	1	1	0	0	1	0	0	1	1	1	1	0	1	1	0	1	1	1	1	1	1	1	0	1	0	1	1	1	0	1	1	1	1	0	1	1	0	1	0	0	1	0	1	1	1	0	1	0	1	1	0	1	1	0	0	1	1	1	1	0	1	1	1	0	1	0	0	1	0	0	0	1	1	0	1	1	1	1	1	1	1	0	1	1	0	0	0	0	1	1	1	1	1	0	1	1	0	0	1	0	1	0	1	0	1	0	1	0	1	0	1	0	1	1	0	0	0	1	0	0	1	0	1	0	0	0	0	0	1	0	1	0	0	1	1	0	1	0	0	1	1	0	0	1	1	1	1	1	0	1	1	0	0	1	0	1	0	0	1	0	1	1	1	0	1	0	1	1	0	0	0	1	1	1	0	0	0	0	1	1	0	1	1	1	1	1	1	0	0	1	0	0	1	0	1	0	1	1	1	0	0	1	1	1	1	1	1	0	1	1	1	0	0	1	0	1	0	1	1	1	1	1	0	1	1	1	1	1	0	1	1	1	0	1	1	0	0	1	1	0	1	1	1	1	1	0	1	0	0	0	1	1	1	1	0	1	1	0	1	1	1	1	1	0	1	1	0	1	0	0	1	1	1	1	0	0	1	0	0	1	1	0	1	1	1	1	0	0	1	0	0	1	0	1	0	0	1	1	1	0	1	1	1	0	0	1	0	1	0	1	0	0	1	1	0	0	0	0	0	0	0	1	0	0	1	1	1	1	0	1	1	1	1	0	0	1	0	1	0	0	1	1	0	0	1	0	0	0	1	1	1	1	0	0	1	1	0	0	1	0	1	1	0	0	1	0	0	0	1	1	1	0	1	0	1	1	1	0	0	0	0	0	0	0	1	0	0	0	0	0	0	0	0	1	1	0	1	0	1	1	1	1	1	1	1	1	0	1	1	1	1	0	0	1	0	0	0	0	1	0	1	1	1	1	1	1	0	1	1	1	1	1	1	1	0	1	0	1	1	1	1	0	1	1	0	0	1	1	1	0	1	1	1	1	1	1	1	1	0	0	1	0	0	0	0	0	0	1	0	1	1	1	0	1	0	0	0	0	0	1	0	1	0	1	1	1	1	1	1	0	1	1	0	0	1	1	1	0	0	0	0	0	1	1	0	1	1	0	1	0	1	1	0	0	0	0	0	0	0	0	1	0	1	1	0	0	0	1	1	0	1	0	0	0	1	0	1	0	0	1	0	1	0	1	1	1	0	1	1	1	1	1	0	0	0	0	1	1	1	1	1	1	1	1	1	0	0	1	0	0	1	0	1	1	0	1	0	1	1	1	1	0	0	1	0	0	1	0	0	1	1	0	0	1	0	0	1	0	0	0	0	1	0	1	1	1	1	1	0	1	0	1	1	1	1	1	0	1	1	1	1	1	0	0	0	0	0	0	0	0	1	1	0	1	1	1	0	0	0	1	1	1	1	0	1	1	0	0	0	1	0	1	0	0	0	0	0	1	1	1	0	0	1	1	0	0	1	0	0	0	1	1	0	0	1	1	1	0	1	1	1	1	1	1	0	0	0	0	0	1	1	0	1	0	0	1	0	0	0	1	0	0	0	0	1	1	1	1	0	0	1	0	1	1	0	1	1	1	0	0	0	1	0	0	0	0	0	1	1	0	0	0	0	0	0	1	1	0	1	0	0	0	1	1	1	0	0	0	1	0	0	0	1	1	0	0	1	1	0	1	1	1	0	1	0	0	1	1	0	0	1	1	1	1	0	1	1	0	0	0	0	0	0	0	1	0	1	1	0	0	1	1	0	1	1	1	1	1	1	0	1	1	1	0	0	0	0	1	0	0	0	1	1	0	1	1	0	1	0	1	0	1	1	0	1	0	0	1	1	1	1	1	0	0	1	1	1	1	0	0	1	1	1	0	1	1	0	0	1	0	1	0	0	1	0	1	1	1	0	1	1	0	0	1	1	1	0
PEN	0.9604134440937657	0.0019869943596597175	0.022317359859986778	8.352128035722071e-4	0.014446988883015604	623.1749	PEN	1	1	1	0	1	0	1	0	1	1	1	1	1	1	1	1	1	1	1	1	1	1	0	1	1	1	1	1	1	1	1	0	0	1	0	1	1	1	0	1	1	1	1	0	1	1	1	1	0	1	0	1	1	1	0	1	1	1	1	1	1	1	0	1	1	1	1	0	1	1	1	0	0	1	1	1	0	0	1	0	1	0	1	1	1	1	1	0	1	1	1	1	0	1	1	1	1	1	1	1	0	1	1	1	0	0	0	0	1	0	0	1	1	0	1	1	1	1	0	1	1	0	1	1	1	1	1	1	1	1	1	1	1	1	1	1	1	1	1	0	1	0	1	0	1	1	1	1	1	0	0	1	0	1	0	1	1	1	1	1	0	1	0	0	0	1	1	1	1	0	0	1	1	1	1	1	1	1	1	1	1	1	1	1	1	1	1	1	1	1	0	0	1	1	1	0	1	1	0	1	1	1	1	0	1	0	1	1	1	1	1	0	0	1	0	1	1	0	1	1	1	0	1	1	1	0	0	1	1	0	0	1	0	0	1	0	0	0	0	1	1	1	1	1	1	0	1	1	0	1	0	0	0	0	0	1	1	1	1	1	0	1	1	0	0	1	0	1	0	0	0	1	0	1	0	1	1	1	1	1	1	0	1	1	0	1	1	1	0	1	0	1	0	1	1	1	0	1	0	0	1	1	0	0	0	0	0	0	1	0	0	1	0	1	0	1	1	1	0	0	1	0	1	0	0	1	1	1	0	1	1	0	1	0	0	0	0	0	0	1	1	1	0	0	1	1	1	1	1	1	1	1	1	1	0	0	1	0	1	1	1	0	1	1	1	1	1	1	1	1	1	1	1	1	1	1	1	1	0	0	1	0	1	1	1	1	1	1	1	0	0	0	1	1	1	0	1	1	1	1	1	1	1	0	1	0	0	0	1	1	1	1	1	1	0	1	0	1	1	1	1	0	1	1	0	1	1	1	1	0	0	1	1	1	0	0	1	1	1	1	1	0	0	1	0	1	1	1	0	1	1	0	0	0	0	1	0	1	1	0	1	1	0	1	1	1	0	0	1	1	1	0	1	0	1	1	1	0	0	0	1	0	0	0	0	0	0	1	1	0	0	1	0	1	1	0	1	1	1	1	0	0	1	0	1	0	0	1	1	0	0	1	0	1	0	1	1	1	1	0	1	1	0	1	0	1	0	1	1	1	0	1	0	0	1	1	1	1	0	1	0	1	1	1	1	1	1	1	0	0	0	1	0	0	1	0	0	1	0	0	0	0	0	1	0	0	1	1	1	1	1	1	0	0	1	1	1	1	0	0	1	0	0	0	0	1	0	1	1	1	1	1	1	0	1	1	1	1	1	1	1	0	0	0	0	1	0	1	1	1	0	0	0	1	1	1	1	1	1	1	1	0	1	1	1	1	0	1	1	1	0	0	0	0	0	0	0	1	1	0	1	0	1	0	1	1	1	0	1	0	1	1	1	1	1	1	1	1	1	0	0	1	1	1	0	0	1	0	1	1	1	0	1	1	0	1	1	0	1	1	0	0	0	1	0	0	0	0	0	1	0	1	1	0	1	1	0	1	1	0	0	1	0	0	0	0	1	0	1	0	1	1	0	0	1	1	1	1	1	0	1	0	0	1	1	1	1	1	1	1	1	1	0	0	1	0	0	1	0	1	1	0	1	1	1	1	1	1	1	0	0	1	0	1	0	1	1	1	1	1	0	0	0	1	0	0	0	0	0	0	1	1	1	1	1	0	1	0	1	0	1	1	1	0	1	1	1	1	1	0	0	0	0	1	0	0	0	1	1	0	1	1	0	0	1	0	1	1	1	1	0	0	0	0	0	1	1	0	1	0	0	0	0	0	1	1	1	0	0	1	0	1	1	1	0	0	0	1	1	0	0	1	1	1	0	1	1	1	1	1	0	0	1	0	0	0	1	1	1	1	0	1	1	1	1	1	1	0	0	0	0	1	1	1	1	0	0	1	0	1	1	0	1	1	1	0	0	1	1	0	0	0	0	0	1	1	0	1	0	0	0	1	1	1	1	1	0	0	0	1	1	1	0	0	0	1	1	0	1	1	1	0	0	1	1	0	1	1	1	0	1	0	0	1	1	0	0	1	1	1	1	0	1	0	0	1	0	0	0	0	0	1	0	1	0	0	0	1	1	1	1	0	1	1	1	1	0	1	1	1	0	1	0	0	1	0	0	0	1	1	0	0	1	1	1	0	1	0	0	1	0	1	0	1	1	0	1	1	1	0	0	1	1	1	1	0	0	1	1	1	0	0	1	0	0	1	1	1	1	1	1	1	0	0	1	0	0	1	0	0	1	0	1	0
TMD_PEN_MAC	0.00220354185633473	0.0010588489240900784	0.025797898072806986	7.746119448753887e-4	0.9701650992018928	623.1751	TMD_MAC_PEN	1	1	1	0	1	0	1	0	1	1	1	1	1	1	1	1	1	1	1	1	1	1	0	1	1	1	1	1	1	1	1	0	0	1	0	1	1	1	0	1	1	1	1	0	1	1	1	1	0	1	0	1	1	1	0	1	1	1	1	1	1	1	0	1	1	1	1	0	1	1	1	0	1	1	1	1	0	0	1	0	1	0	1	1	1	1	1	0	1	1	1	1	0	1	1	1	1	1	1	1	0	1	1	1	0	0	1	0	1	0	0	1	1	0	1	1	1	1	0	1	1	0	1	1	1	1	1	1	1	1	1	1	1	1	1	1	1	1	1	0	1	0	1	0	1	1	0	1	1	0	0	1	0	1	0	1	1	1	1	1	0	1	0	0	0	1	1	1	1	0	0	1	1	1	1	1	1	1	1	1	1	1	1	1	1	1	1	1	1	1	0	0	1	1	1	0	1	1	0	1	1	1	1	0	1	0	1	1	1	1	1	0	0	1	0	1	1	0	1	1	1	0	1	1	1	0	0	1	1	0	0	1	0	0	1	0	0	0	0	1	1	1	1	1	1	1	1	1	0	1	1	0	0	0	0	1	1	1	1	1	0	1	1	0	0	1	0	1	0	0	0	1	0	1	0	1	1	1	1	1	1	0	1	1	0	1	1	1	0	1	0	1	0	1	1	1	0	1	0	0	1	1	0	1	0	0	0	0	1	0	0	1	0	1	0	1	1	1	0	0	1	0	1	0	0	1	1	1	0	1	1	0	1	0	0	0	0	1	1	1	1	1	0	0	1	1	1	1	1	1	1	1	1	1	0	0	1	0	1	1	1	0	1	1	1	1	1	1	1	1	1	1	1	1	1	1	1	1	0	0	1	0	1	1	1	1	1	1	1	0	0	0	1	1	1	0	1	1	1	1	1	1	1	0	1	0	0	0	1	1	1	1	1	1	0	1	0	1	1	1	1	0	1	1	0	1	1	1	1	1	0	1	1	1	0	0	1	1	1	1	1	0	0	1	0	1	1	1	0	1	1	0	0	0	0	1	0	1	1	0	1	1	0	1	1	1	0	0	1	1	1	0	1	0	1	1	1	0	0	0	1	0	0	0	1	0	0	1	1	0	0	1	0	1	1	0	1	1	1	1	0	0	1	0	1	0	0	1	1	0	0	1	0	1	0	1	1	1	1	0	1	1	0	1	0	1	0	1	1	1	0	1	0	0	1	1	1	1	0	1	0	1	1	1	1	1	1	1	0	0	0	1	0	0	1	0	0	1	0	0	0	0	0	1	0	0	1	1	1	1	1	1	0	0	1	1	1	1	0	0	1	0	0	0	0	1	0	1	1	1	1	1	1	0	1	1	1	1	1	1	1	0	0	0	0	1	0	1	1	1	0	0	0	1	1	1	1	1	1	1	1	0	1	1	1	1	0	1	1	1	0	0	0	0	0	0	0	1	1	0	1	0	1	0	1	1	1	0	1	0	1	1	1	1	1	1	1	1	1	0	0	1	1	1	0	0	1	0	1	1	1	0	1	1	0	1	1	0	1	1	0	0	0	1	0	0	0	0	0	1	0	1	1	0	1	1	0	1	0	0	0	1	0	0	0	1	1	0	1	0	1	1	0	0	1	1	1	1	1	0	1	0	0	1	1	1	1	1	1	1	1	1	0	0	1	0	0	1	0	1	1	0	1	1	1	1	1	1	1	0	0	1	0	1	0	1	1	1	1	1	0	0	0	1	0	0	0	0	0	0	1	1	1	1	1	0	1	0	1	1	1	1	1	0	1	1	1	1	1	0	0	0	0	1	0	0	0	1	1	0	1	1	0	0	1	0	1	1	1	1	0	0	0	0	0	1	1	0	1	0	0	0	0	0	1	1	1	0	0	1	0	1	1	1	0	0	0	1	1	0	0	1	1	1	0	1	1	1	1	1	0	0	1	0	0	0	1	1	1	1	0	1	1	1	1	1	1	0	0	0	0	1	1	1	1	0	0	1	0	1	1	0	1	1	1	0	0	1	1	0	0	0	0	0	1	1	0	1	0	0	0	1	1	1	1	1	0	0	0	1	1	1	0	0	0	1	1	0	1	1	1	0	0	1	1	0	1	1	1	0	1	0	0	1	1	0	0	1	1	1	1	0	1	0	0	1	0	0	0	0	0	1	0	1	0	0	0	1	1	1	1	0	1	1	1	1	0	1	1	1	0	1	0	0	1	0	0	0	1	0	0	0	1	1	1	0	1	0	0	1	0	1	0	1	1	0	1	1	1	0	0	1	1	1	1	0	0	1	1	1	0	0	1	0	0	1	1	1	1	1	1	1	0	0	1	0	0	1	0	0	1	1	1	0
TMD_PEN	5.066089821543892e-7	0.1434333098387466	0.11720273433948165	0.7317355685542178	0.007627880658571659	623.1769	TMD_PEN	1	1	1	0	1	0	1	0	1	1	1	1	1	1	1	1	1	1	1	1	1	1	0	0	1	1	1	1	1	1	1	0	0	1	1	1	1	1	0	1	1	1	1	0	1	1	1	1	0	1	0	1	1	1	1	1	1	1	1	0	1	1	0	1	0	1	1	0	1	1	1	0	0	1	1	0	0	0	1	0	1	0	1	1	1	1	1	0	1	1	1	1	0	1	1	1	1	1	1	1	0	1	1	1	0	0	0	0	1	0	0	1	0	0	1	1	1	1	0	1	1	0	1	1	1	1	1	1	1	1	1	1	1	1	1	1	1	1	0	0	1	0	1	0	1	1	0	1	1	0	0	1	0	0	0	1	1	1	1	1	0	1	0	0	0	1	1	1	1	0	0	0	1	1	1	1	1	0	1	1	0	1	1	1	1	0	1	1	0	1	0	0	1	1	1	0	1	1	0	1	1	1	1	0	1	0	1	1	1	1	1	0	0	1	0	1	0	0	1	1	1	0	1	0	1	0	0	0	1	0	0	1	0	0	1	0	0	0	1	0	1	1	0	1	1	0	1	1	0	1	0	0	0	0	0	1	1	1	1	1	0	1	1	0	0	1	0	1	0	0	0	1	0	1	0	1	1	1	1	1	1	0	1	1	0	1	1	1	0	1	0	1	0	0	1	1	0	1	0	0	1	1	0	0	0	0	0	0	1	0	0	1	0	1	0	1	1	1	0	0	0	0	1	0	0	1	1	1	0	1	1	0	1	0	0	0	0	0	1	1	1	1	0	0	1	1	0	1	1	1	1	1	1	1	0	0	1	0	1	1	1	0	0	1	1	1	1	1	1	1	1	1	1	1	1	1	1	1	1	0	1	0	1	1	1	1	1	1	1	0	0	0	1	1	1	0	1	1	1	1	1	1	1	0	1	0	0	0	1	1	1	1	1	1	0	1	0	1	1	1	1	0	1	0	0	1	0	1	1	1	0	1	1	1	0	0	1	1	1	1	1	0	0	1	0	0	1	1	0	1	1	0	0	0	0	1	0	1	1	0	1	1	0	0	1	1	0	0	0	1	1	0	1	0	1	1	1	0	0	0	1	0	0	0	0	0	0	1	1	0	0	1	0	1	1	0	1	1	0	1	0	0	1	0	1	1	1	1	1	0	0	1	1	1	0	1	1	1	0	0	1	1	0	1	0	1	0	1	1	1	0	1	0	0	1	1	1	1	0	1	0	1	1	1	1	1	1	0	0	0	0	1	0	0	1	0	0	1	1	0	0	0	0	1	0	0	1	1	0	1	1	1	0	0	1	1	1	1	0	0	1	0	0	0	0	1	0	1	1	1	1	0	1	0	1	0	0	1	1	0	1	0	0	0	0	1	0	1	0	1	0	0	0	1	1	1	1	1	1	1	1	0	1	1	1	0	0	1	1	1	0	0	0	0	0	1	0	1	0	0	1	0	1	0	1	1	1	0	1	0	1	0	1	1	0	1	1	1	1	0	0	1	0	1	0	0	1	0	0	1	1	0	1	1	0	1	1	0	1	1	0	0	0	0	0	0	0	0	0	1	0	1	1	0	1	1	0	1	1	0	0	1	0	0	0	1	1	0	1	0	1	1	1	0	1	1	1	0	1	0	1	0	0	1	1	1	1	1	1	1	1	1	0	0	1	0	0	1	0	1	1	0	1	1	0	1	1	1	0	0	0	1	0	1	0	1	1	1	1	1	0	0	0	1	0	0	0	0	0	0	1	1	1	1	1	0	1	0	1	0	1	1	1	0	1	1	1	1	1	0	0	0	0	1	0	0	0	1	1	0	1	0	0	0	1	0	1	1	1	1	0	0	0	0	0	1	1	0	1	0	0	0	1	0	1	0	1	0	0	1	0	1	1	1	0	0	0	0	1	0	0	1	1	1	0	1	0	1	1	1	0	0	1	0	0	0	1	1	1	1	0	1	1	1	1	1	1	0	0	0	0	1	1	1	1	0	0	1	0	1	1	0	1	1	1	1	0	0	1	0	0	0	0	0	0	1	0	1	0	0	0	1	1	1	1	1	0	0	0	1	0	1	0	0	0	1	1	0	1	1	1	0	0	1	1	0	0	1	1	0	1	0	0	1	1	0	0	1	1	1	1	0	1	0	0	1	0	0	0	0	0	1	0	1	0	0	0	1	1	1	1	0	1	1	1	0	0	1	1	1	0	0	0	0	1	0	0	0	1	1	0	0	0	1	1	0	0	0	0	1	0	1	0	1	1	0	1	1	1	0	0	1	1	1	1	0	0	1	1	1	0	0	1	0	0	1	1	1	1	1	1	1	0	0	1	0	0	1	0	0	0	0	1	0
PEN	0.9757576557676064	0.018070677374049472	0.003913975457236082	0.002257484224035709	2.0717707226936466e-7	623.1783	PEN	1	1	1	1	0	0	1	0	1	0	1	1	1	1	1	1	1	0	1	1	0	1	0	1	1	1	1	1	0	0	0	0	0	1	0	1	1	1	0	1	1	1	1	1	1	1	1	0	0	1	0	1	0	1	1	1	1	1	1	0	0	1	0	1	1	1	0	0	1	1	0	0	1	1	1	0	0	0	1	0	1	0	1	1	1	1	1	0	1	1	1	0	0	1	0	1	1	1	0	1	0	1	1	1	0	0	0	0	1	0	0	1	0	0	1	1	1	1	0	0	1	0	1	0	0	1	1	1	1	1	1	1	0	0	1	1	0	0	0	0	1	0	1	0	0	0	1	1	1	0	0	1	0	0	1	1	1	1	1	1	0	1	0	0	0	0	1	0	1	0	0	0	0	1	0	0	0	1	0	1	0	0	1	1	1	0	1	1	0	0	1	0	1	1	1	0	1	1	0	1	0	1	1	0	1	0	0	1	0	1	1	1	0	1	0	0	0	0	1	1	0	0	1	1	1	0	0	1	0	1	0	0	0	0	1	0	0	0	0	0	1	1	1	1	1	1	1	0	0	1	1	0	1	0	0	1	1	0	1	1	0	0	1	0	0	1	0	1	0	0	0	1	0	0	0	1	0	1	1	1	1	0	0	0	0	0	0	1	0	1	0	1	0	0	0	1	0	1	0	0	1	1	0	1	0	0	0	0	0	0	1	1	1	1	0	0	1	1	0	0	1	0	1	0	0	1	1	1	0	1	0	1	1	1	1	0	0	0	1	1	1	1	0	0	0	1	1	1	1	1	0	1	0	1	0	0	1	0	0	1	0	0	0	1	1	1	0	0	1	1	1	1	1	0	0	1	1	1	0	0	0	0	0	0	1	1	1	1	1	0	1	1	1	1	1	0	1	1	1	0	1	1	0	0	1	0	0	0	1	1	1	1	0	0	0	0	0	1	1	1	1	0	1	0	0	1	0	0	0	0	0	1	1	0	0	1	0	1	1	1	1	0	0	1	0	0	1	1	0	1	1	1	0	0	0	1	0	0	1	0	1	0	0	1	1	1	0	0	1	1	1	0	1	0	1	0	1	0	0	1	1	0	0	0	1	0	0	0	1	0	0	1	0	1	1	0	0	1	1	1	0	0	1	0	1	0	0	1	1	0	0	1	0	0	0	1	1	1	1	0	0	1	1	0	0	1	0	1	1	0	0	1	0	0	0	0	1	1	0	1	0	1	1	1	0	0	0	0	0	0	0	1	0	0	0	0	0	0	0	0	0	0	0	1	0	1	1	1	0	1	1	1	0	0	0	1	1	1	0	0	1	0	0	0	0	1	0	1	1	1	1	0	1	0	1	0	0	1	1	1	1	0	0	0	0	1	0	1	0	1	0	0	0	1	1	1	0	1	1	1	1	0	1	1	1	0	0	1	0	0	0	0	0	0	1	0	0	1	1	0	0	0	0	0	0	0	1	0	1	0	1	0	1	1	0	1	0	1	1	0	0	1	1	1	0	0	0	0	0	1	1	0	1	1	0	1	0	1	1	0	0	0	0	0	0	0	0	1	0	1	0	0	0	0	1	1	0	0	0	0	0	1	0	0	0	0	1	0	1	0	1	1	1	0	1	1	1	1	1	0	0	0	0	1	1	1	1	1	1	1	1	1	0	0	1	0	0	1	0	1	1	0	1	0	0	1	1	1	0	0	1	0	0	1	0	1	1	1	0	0	0	0	0	1	0	0	0	0	0	0	1	1	1	1	1	0	1	0	1	1	1	1	1	0	1	1	0	1	0	0	0	0	0	0	0	0	0	1	1	0	1	0	0	1	0	0	1	1	1	1	0	1	1	0	0	1	1	0	1	0	0	0	0	0	1	1	1	0	0	1	1	0	0	1	0	0	0	0	1	0	0	1	1	0	0	1	0	1	1	1	1	0	0	0	0	0	1	1	0	1	0	0	1	0	1	0	1	0	0	0	0	1	1	0	1	0	0	1	0	1	1	0	1	1	1	0	0	0	1	0	0	0	0	0	0	1	1	1	0	0	0	0	1	1	0	1	0	0	0	1	1	1	0	0	0	1	0	0	0	1	1	0	0	1	1	0	1	1	0	0	1	0	0	1	1	0	0	1	1	1	1	0	1	0	0	0	0	0	0	0	0	1	0	0	0	0	1	1	1	1	1	0	1	1	1	1	0	1	1	1	0	0	0	0	1	0	0	0	0	1	0	0	1	0	1	0	0	0	0	1	0	1	0	0	1	0	1	1	1	0	0	1	1	1	1	0	0	1	1	1	0	1	1	0	0	1	1	1	0	1	1	0	0	0	1	0	0	1	0	0	1	0	1	0
PEN_TMD	0.007553519330932133	0.9229024500619084	0.0010332831141298714	0.06839971938067389	1.1102811235574158e-4	623.1807	TMD_PEN	1	1	1	0	1	0	1	0	1	1	1	1	1	1	1	1	1	1	1	1	1	1	0	1	1	1	1	1	1	1	1	0	0	1	0	1	1	1	0	1	1	1	1	0	1	1	1	1	0	1	0	1	1	1	1	1	1	1	1	1	1	1	0	1	1	1	1	0	1	0	1	0	1	1	1	1	0	0	1	0	1	0	1	1	1	1	1	0	1	1	1	1	0	1	0	1	1	1	1	1	0	1	1	1	0	0	0	0	1	0	0	1	0	0	1	1	1	1	0	1	1	0	1	1	1	1	1	1	1	1	1	1	1	1	1	1	1	1	0	0	1	0	1	0	1	1	1	1	1	0	0	1	0	0	0	1	1	1	1	1	0	1	0	0	0	1	1	1	1	0	0	1	1	1	1	1	1	0	1	1	1	0	1	1	1	1	1	1	1	1	1	0	1	1	1	0	1	1	0	1	0	1	1	0	1	0	1	1	1	1	1	0	0	1	0	1	1	0	1	1	1	0	1	1	1	0	1	1	1	0	0	1	1	0	1	0	0	0	0	1	1	1	0	1	1	1	1	1	0	1	1	0	0	0	0	1	1	1	1	1	0	1	1	0	1	1	0	1	0	1	0	1	0	1	0	1	1	1	1	1	1	0	1	0	1	1	0	1	0	1	0	1	0	0	0	1	0	1	0	0	1	1	0	1	0	1	1	1	0	0	0	1	0	1	0	1	1	1	0	0	0	0	1	0	0	1	1	1	0	1	1	0	0	0	0	0	0	0	1	1	1	1	0	0	0	1	1	1	1	1	1	1	1	1	0	0	1	0	1	1	0	1	0	1	1	1	1	1	1	1	1	1	1	1	1	1	1	1	1	0	1	0	1	0	1	1	1	1	1	0	0	0	1	1	1	0	1	1	1	1	1	1	0	0	1	0	0	0	1	1	1	1	0	1	0	0	0	1	1	1	1	0	1	1	0	1	1	1	1	1	0	1	1	1	0	0	0	1	1	1	1	0	0	1	0	0	1	1	0	1	1	0	0	0	0	1	0	1	1	0	1	1	0	0	1	1	0	0	1	1	1	0	1	0	1	0	1	0	0	0	1	0	0	0	0	1	0	1	1	0	0	1	0	1	1	0	1	1	1	1	0	0	1	0	1	1	1	1	1	0	0	1	1	1	0	1	1	1	1	0	1	1	0	1	0	1	0	1	1	1	0	1	0	0	1	1	1	1	0	1	0	1	1	1	0	0	0	0	0	0	0	1	0	0	1	0	0	1	1	0	0	0	0	1	0	0	1	1	1	1	1	1	0	1	1	1	1	1	0	0	1	0	0	0	0	1	0	1	1	1	1	1	1	0	1	1	1	1	1	0	1	0	0	0	1	1	0	1	0	1	1	0	0	1	1	1	1	1	1	1	1	1	1	1	1	0	0	1	0	1	0	0	0	0	1	1	1	1	0	0	1	0	1	0	1	1	1	0	1	0	0	1	1	1	1	1	1	1	1	0	0	1	1	1	0	0	0	0	1	1	1	0	1	1	0	1	0	0	1	0	0	0	0	0	0	0	0	0	0	1	0	1	1	0	0	1	0	1	1	0	0	1	0	0	0	0	1	0	1	0	1	1	1	0	1	1	1	0	1	0	1	0	0	1	1	1	1	1	1	1	1	1	0	0	1	0	0	1	0	1	1	0	1	0	1	1	1	1	0	0	0	1	0	1	0	1	1	1	0	1	0	0	0	1	0	0	0	0	1	0	1	1	1	1	1	0	1	0	1	0	1	1	1	0	1	1	1	1	1	0	0	0	0	1	0	0	0	1	1	0	1	1	0	0	1	0	1	1	1	1	0	0	0	0	0	1	1	0	1	0	0	0	1	0	1	0	1	0	0	1	0	1	1	1	1	0	0	1	1	0	0	1	1	1	0	1	1	1	1	1	0	0	1	0	0	0	1	1	0	1	0	0	1	1	1	1	1	0	0	0	0	1	1	1	1	0	0	1	0	1	1	0	1	1	1	1	0	0	1	0	0	0	0	0	1	1	0	1	0	0	0	0	1	1	1	1	0	0	0	1	1	1	0	0	0	1	1	0	1	1	1	0	0	1	1	0	1	1	1	0	1	0	0	1	1	0	0	1	1	1	1	0	1	0	0	1	0	0	0	0	0	1	0	1	0	0	0	1	1	1	1	0	1	1	1	0	0	1	1	1	0	0	0	0	1	0	0	0	1	1	0	0	1	0	1	0	1	0	0	1	0	1	0	1	1	0	1	1	1	0	0	1	1	1	1	0	0	1	1	1	0	0	1	0	0	1	1	1	1	1	1	1	0	0	1	0	0	1	0	0	0	1	1	0
PEN_TMD	2.6139086237933706e-6	0.9759464782114629	2.3834200006625877e-4	0.022267092828803174	0.0015454730510438687	623.1832	PEN_TMD	1	1	1	0	1	0	0	0	0	1	1	1	1	1	1	1	1	1	1	0	1	1	0	1	1	1	1	1	1	1	1	0	0	1	0	1	1	1	0	1	1	1	1	0	1	1	1	1	0	1	0	1	1	1	0	1	1	1	1	1	1	1	0	1	1	1	1	0	0	1	1	0	1	1	1	1	0	0	1	0	1	0	1	1	1	1	1	0	1	1	1	1	0	1	0	1	1	1	1	1	0	1	1	1	0	0	0	0	1	0	0	1	0	0	1	1	1	1	0	1	1	0	1	1	1	1	1	1	1	1	1	1	1	1	1	1	1	1	0	0	1	0	1	0	1	1	0	1	1	0	0	1	0	0	0	1	1	1	1	1	0	1	0	0	0	1	1	1	1	0	0	1	1	1	1	1	1	0	1	1	1	0	1	1	1	1	1	1	1	1	0	0	1	1	1	0	1	1	0	1	1	1	1	0	1	0	1	1	1	1	1	0	0	1	0	1	1	0	1	1	1	0	1	1	1	0	0	1	1	0	0	1	0	1	1	1	0	0	1	0	1	1	0	0	1	1	1	1	0	1	1	0	0	0	0	1	1	1	1	1	1	1	1	0	0	1	1	1	0	0	0	1	1	1	0	1	1	1	1	1	1	0	1	0	0	1	0	1	0	1	0	1	1	0	0	1	0	1	0	0	1	1	0	1	0	0	0	0	0	1	0	1	0	1	0	1	1	1	1	1	1	0	1	0	1	1	1	1	0	1	1	0	0	0	0	0	0	1	1	1	1	1	0	0	0	1	0	1	1	1	1	1	1	1	0	0	1	0	1	1	0	0	0	1	1	1	1	1	1	1	1	1	1	1	1	1	1	1	1	0	1	0	1	0	0	1	1	1	1	0	0	0	1	1	1	0	1	1	1	1	1	1	0	0	1	0	1	0	1	1	1	1	0	1	0	0	1	1	1	1	1	0	1	1	0	1	1	1	1	1	0	1	1	1	0	0	0	1	1	1	1	0	0	1	0	0	1	1	0	1	1	0	0	0	0	1	0	1	1	0	1	1	0	0	1	1	0	0	1	1	1	0	1	0	1	0	1	0	0	0	1	0	0	0	1	0	0	1	1	0	0	1	0	1	1	0	1	1	1	1	0	0	1	0	1	1	1	1	1	0	0	1	1	1	0	1	1	1	0	0	1	1	0	1	0	1	0	0	1	1	0	1	0	0	1	1	1	1	0	1	0	1	1	1	0	0	0	0	1	0	0	1	0	0	1	0	0	1	1	0	0	0	0	1	0	0	1	1	1	1	1	1	0	0	1	1	1	1	0	0	1	0	0	0	0	1	0	1	1	0	1	0	1	1	1	1	0	1	1	0	1	1	0	0	0	1	0	1	0	1	0	0	0	1	1	1	1	1	1	1	1	0	1	1	1	0	0	1	0	1	0	0	0	0	0	1	0	1	0	0	1	0	1	0	1	1	1	0	1	0	1	1	1	1	1	1	1	1	1	0	0	1	1	1	0	0	0	0	1	1	1	0	1	1	0	1	0	1	1	0	0	0	0	0	0	0	0	0	0	1	0	1	1	0	1	1	1	1	1	0	0	1	0	0	0	0	1	0	1	0	1	1	1	0	1	1	1	0	1	0	1	0	0	1	1	1	1	1	1	1	1	1	0	0	1	0	0	1	0	1	1	0	1	0	1	1	1	1	0	0	0	1	0	1	0	1	1	1	0	1	0	0	0	1	0	0	0	0	0	0	1	1	1	1	1	0	1	0	1	0	1	1	1	0	1	1	1	1	1	0	0	0	0	1	0	0	0	1	1	0	1	1	0	0	1	0	1	1	1	1	0	0	0	0	0	1	1	0	1	0	0	0	1	0	1	0	1	0	0	1	0	1	1	1	0	0	0	0	1	0	0	1	1	1	0	1	1	1	1	1	0	0	1	0	1	0	1	1	0	1	0	0	1	1	1	1	1	0	0	0	0	1	0	1	1	0	0	1	0	1	1	0	1	1	1	1	0	1	1	1	0	0	0	0	1	1	0	1	0	0	0	0	1	1	1	1	0	0	0	1	1	1	0	0	0	1	1	0	1	1	1	0	0	1	1	0	1	1	1	0	1	0	0	1	1	0	0	1	1	1	1	0	1	0	0	1	0	0	0	0	0	1	0	1	0	0	0	1	1	1	1	0	1	1	1	1	0	1	1	1	0	0	0	1	1	0	0	0	1	0	0	0	0	0	1	0	1	0	0	1	1	1	0	1	1	0	1	1	1	1	0	1	1	1	1	0	0	1	1	1	0	0	1	0	0	1	1	1	1	1	1	1	1	1	1	0	0	1	0	0	0	0	1	0
PEN	0.9517712889240464	8.516010009094567e-4	3.4626202994829744e-4	0.04428564314922543	0.002745204895870451	623.1833	PEN_TMD	0	1	1	1	1	0	1	0	1	1	1	1	1	1	1	1	1	1	0	1	0	1	0	1	1	1	0	1	1	0	1	0	0	1	0	1	1	1	0	1	1	1	0	0	1	1	1	1	0	1	0	1	1	0	0	1	1	1	1	1	1	0	0	1	1	1	1	0	1	1	1	0	1	0	0	1	0	0	1	0	1	0	1	1	1	1	1	0	0	1	1	1	0	1	0	1	1	1	1	1	0	1	0	1	0	0	0	0	1	0	0	0	0	0	1	1	1	0	0	1	1	0	1	1	1	1	1	1	1	1	1	1	1	1	1	1	1	1	1	0	1	0	1	0	0	1	1	0	1	0	0	1	0	1	1	1	1	1	1	1	0	0	0	0	0	0	1	1	1	1	0	1	0	1	1	1	1	1	1	1	1	0	1	1	1	1	1	1	1	1	0	0	1	1	1	0	0	1	0	0	1	1	1	0	1	0	1	1	1	1	0	0	0	1	0	1	1	0	1	1	1	0	1	1	1	0	0	1	1	0	0	1	0	0	1	0	0	0	0	0	0	1	1	1	1	0	1	1	0	0	0	0	0	0	0	1	1	1	1	1	0	1	1	0	0	1	0	1	0	0	0	1	0	1	0	1	1	1	1	1	1	0	1	0	0	1	0	1	0	1	0	0	0	0	0	1	0	1	0	0	1	1	0	1	0	0	1	0	0	0	0	0	0	1	0	1	1	0	0	0	1	0	1	0	0	1	0	1	1	1	0	0	0	0	1	0	0	0	0	1	1	1	0	0	0	0	1	1	1	1	1	1	1	1	0	0	1	0	1	1	0	0	0	1	1	1	1	1	1	0	1	1	1	1	1	1	0	1	1	0	1	0	1	0	1	1	1	1	1	0	0	0	1	1	1	0	1	1	1	1	1	1	0	0	0	0	0	0	1	0	1	1	0	0	0	0	0	1	1	1	1	0	1	1	0	0	1	1	1	1	0	0	1	1	0	0	0	1	0	1	1	0	0	1	0	0	1	1	0	1	0	0	0	0	0	1	0	1	1	0	1	1	0	1	1	1	0	0	1	0	1	0	0	0	1	0	1	0	0	0	1	0	0	0	1	0	0	0	1	0	0	1	0	1	1	0	1	1	1	1	0	0	1	0	1	1	1	0	0	0	0	1	0	1	0	1	1	1	1	0	1	0	0	1	0	1	0	1	1	0	0	1	0	0	1	1	0	0	0	0	0	0	1	1	0	0	0	0	0	0	0	1	0	0	1	0	0	1	0	0	0	0	0	1	0	0	1	1	1	0	1	1	0	0	1	1	1	1	0	0	1	0	0	0	0	1	0	1	0	1	1	0	1	0	1	1	0	1	0	1	1	0	0	0	0	1	0	0	0	1	0	0	0	1	1	1	1	1	1	1	1	0	1	1	1	0	0	1	0	1	0	0	0	0	0	1	0	0	1	0	1	0	1	0	1	1	1	0	1	0	1	1	1	1	1	1	0	1	1	0	0	0	1	1	0	0	0	0	1	1	1	0	1	1	0	1	0	0	0	0	0	0	0	1	0	0	0	0	0	1	0	0	0	0	0	1	0	1	1	0	0	1	0	0	0	0	0	0	1	0	1	1	1	0	1	1	1	1	1	0	1	0	0	1	1	1	1	1	1	0	1	1	0	0	1	0	0	0	0	1	1	0	0	0	1	1	1	1	0	0	1	1	0	0	0	1	1	1	0	0	1	0	0	1	0	0	0	0	0	0	1	1	1	1	1	0	1	0	1	0	1	1	1	1	1	1	1	1	1	0	0	0	0	0	0	0	0	1	1	0	1	1	1	0	1	0	1	1	1	1	0	0	0	1	0	1	1	0	1	0	0	0	1	0	1	1	1	0	0	1	0	0	1	0	0	0	0	0	1	0	0	1	1	1	0	1	1	1	0	1	1	0	0	0	0	0	1	1	0	1	0	0	1	0	1	1	1	0	0	0	0	0	1	1	1	0	0	0	0	1	0	0	0	1	0	1	0	0	1	0	0	0	0	0	1	1	0	1	0	0	0	0	1	1	1	1	0	0	0	1	1	1	0	0	0	1	1	0	1	1	1	0	0	0	1	0	1	1	1	0	1	1	0	1	0	0	0	0	0	1	0	1	1	0	0	0	0	0	0	0	0	0	0	1	0	1	0	1	1	0	0	0	1	1	0	0	0	0	1	1	0	0	0	0	0	0	0	0	1	0	0	0	1	0	1	0	1	0	0	1	0	1	0	1	0	0	1	1	1	0	0	1	1	1	1	0	0	1	1	1	0	0	1	0	0	1	0	0	1	1	1	1	0	0	0	0	1	0	0	0	1	0	1	0
